1443139200,239.99,239.99,234.81,235.2,190090
1443225600,235.29,235.36,232.91,234.51,258488
1443312000,234.09,234.76,233.03,233.29,161013
1443398400,233.01,243.19,232.9,240.07,319143
1443484800,240.28,241.5,235.81,237.0,368771
1443571200,237.0,238.2,235.56,236.55,294736
1443657600,236.57,239.53,234.63,238.1,180356
1443744000,238.1,238.99,237.09,238.0,133911
1443830400,238.0,241.0,237.53,239.67,127411
1443916800,239.83,239.93,238.3,238.58,148659
1444003200,238.55,240.85,237.77,240.85,255736
1444089600,240.69,249.0,240.68,247.09,536943
1444176000,246.92,247.8,243.43,243.43,428099
1444262400,244.62,245.73,243.0,243.19,393019
1444348800,243.27,244.91,242.99,244.4,466508
1444435200,244.85,246.08,243.77,246.0,300969
1444521600,245.76,248.56,245.18,248.13,657289
1444608000,248.13,248.41,245.7,246.38,710444
1444694400,246.23,251.49,244.47,250.76,1284157
1444780800,250.91,255.55,249.99,253.32,1196167
1444867200,253.14,257.18,253.04,254.86,3508869
1444953600,254.88,267.55,254.88,263.89,4632494
1445040000,263.84,278.51,263.0,273.91,9988015
1445126400,274.29,275.05,262.0,265.63,3216612
1445212800,265.68,270.69,261.55,265.35,2241882
1445299200,265.4,274.49,264.68,271.85,2770928
1445385600,271.91,273.45,263.88,268.37,2806074
1445472000,268.54,280.0,267.65,276.9,2263003
1445558400,276.61,282.38,275.47,279.8,1898945
1445644800,279.89,286.9,278.35,285.39,2753916
1445731200,285.2,299.51,282.9,285.79,5663816
1445817600,285.57,292.29,281.01,289.32,3596017
1445904000,289.16,305.32,286.89,296.51,4671955
1445990400,296.6,310.36,296.6,306.99,4231430
1446076800,307.19,322.0,303.14,316.6,5642264
1446163200,317.0,336.81,300.0,333.0,7526523
1446249600,333.2,338.7,307.53,317.73,5842767
1446336000,317.76,335.0,314.0,331.38,2599899
1446422400,331.28,380.0,326.95,371.98,3855966
1446508800,372.0,440.0,365.18,422.0,6102534
1446595200,419.81,558.0,382.0,424.0,5738641
1446681600,425.0,472.73,375.0,402.0,3820602
1446768000,403.32,408.32,359.0,377.61,3353266
1446854400,378.0,394.99,373.91,384.34,2032334
1446940800,384.33,394.82,365.0,372.0,1938629
1447027200,372.82,395.21,361.32,383.25,2043266
1447113600,383.46,385.96,326.88,339.45,3018387
1447200000,340.0,344.0,301.09,314.5,3906724
1447286400,314.69,349.84,313.7,338.25,3688177
1447372800,338.25,344.75,325.21,338.81,1939377
1447459200,339.58,345.03,329.31,333.63,1637971
1447545600,333.3,335.08,314.5,320.43,1621865
1447632000,320.5,334.77,314.1,332.05,1502612
1447718400,331.7,342.69,331.15,336.4,1530487
1447804800,336.18,339.69,328.77,336.5,1208577
1447891200,336.02,336.84,324.85,326.65,1209300
1447977600,326.44,327.37,309.99,322.09,1878107
1448064000,322.17,330.62,319.67,328.24,1113793
1448150400,327.75,328.6,319.81,324.92,912601
1448236800,324.58,331.94,320.96,323.81,803797
1448323200,323.46,323.76,315.79,319.8,927965
1448409600,319.85,334.49,315.84,329.42,1220511
1448496000,330.09,372.42,329.25,354.2,3054060
1448582400,355.01,367.4,350.0,361.7,2415770
1448668800,362.29,362.29,350.0,359.72,1678983
1448755200,359.29,382.74,355.1,379.5,1407040
1448841600,378.8,388.5,373.32,381.43,2619821
1448928000,381.32,384.75,347.03,364.1,2092391
1449014400,362.69,367.18,346.67,359.96,1896192
1449100800,360.1,372.7,355.0,362.32,1909147
1449187200,361.61,365.38,353.21,364.2,1174333
1449273600,364.49,395.0,363.35,394.0,1884756
1449360000,393.92,407.51,387.0,390.04,1995480
1449446400,389.08,405.62,384.0,396.7,1632998
1449532800,396.63,425.15,390.0,423.0,1589423
1449619200,423.99,428.7,407.5,422.14,3017529
1449705600,422.88,424.99,411.16,416.22,1725214
1449792000,416.65,463.78,416.64,460.0,5284695
1449878400,459.99,482.76,418.27,440.34,5297714
1449964800,439.41,449.8,419.99,437.5,2447010
1450051200,437.51,453.5,432.48,448.89,2231778
1450137600,448.42,471.0,447.48,469.98,3419075
1450224000,469.39,470.08,404.0,458.04,4154136
1450310400,458.89,459.76,446.17,456.36,1152674
1450396800,456.41,468.33,443.05,464.96,1493527
1450483200,464.12,467.5,451.37,461.6,1481469
1450569600,461.63,462.81,429.24,443.29,2584113
1450656000,443.35,446.0,423.7,439.31,2103651
1450742400,438.58,443.39,433.47,436.56,829379
1450828800,435.86,446.0,435.57,445.26,560732
1450915200,445.26,459.31,439.49,457.33,1020329
1451001600,457.67,461.56,448.48,455.44,612453
1451088000,455.01,458.45,402.86,416.76,2993927
1451174400,415.69,433.95,407.83,426.82,1267415
1451260800,427.33,432.67,417.87,422.5,1865178
1451347200,422.47,434.97,418.26,434.0,1033533
1451433600,433.28,434.47,419.97,424.0,841044
1451520000,422.22,434.23,415.99,430.76,1072844
1451606400,430.5,436.7,426.37,435.99,478071
1451692800,435.99,438.0,429.25,435.0,729519
1451779200,434.72,435.4,422.14,429.79,1218222
1451865600,429.47,436.44,427.5,432.3,798056
1451952000,432.74,434.97,429.0,432.57,480736
1452038400,432.2,432.2,425.01,428.72,555455
1452124800,429.59,464.04,426.12,461.02,3420928
1452211200,460.71,469.49,445.42,453.53,2973447
1452297600,452.61,454.81,444.86,450.0,1608658
1452384000,450.6,450.75,439.01,450.5,1316820
1452470400,450.49,454.89,445.28,450.43,2075229
1452556800,449.77,453.35,430.0,431.45,1762340
1452643200,432.59,438.01,420.48,429.94,2324192
1452729600,429.88,432.92,425.76,427.87,651926
1452816000,428.01,428.31,360.0,360.0,2562104
1452902400,360.01,391.44,350.83,388.6,2530911
1452988800,388.02,392.62,377.33,380.0,1923597
1453075200,380.69,389.1,373.16,384.53,1207683
1453161600,385.03,387.9,375.99,376.74,1139997
1453248000,376.74,428.0,372.99,421.44,2780268
1453334400,421.56,424.73,404.2,411.76,1709469
1453420800,411.65,412.26,368.01,381.8,3898698
1453507200,381.49,396.5,380.58,387.01,2642327
1453593600,386.22,408.79,386.21,403.67,1659215
1453680000,404.33,404.51,388.17,389.0,2331402
1453766400,389.0,397.01,386.98,391.55,1281634
1453852800,391.89,397.92,391.31,395.63,340083
1453939200,394.94,394.94,375.42,380.0,1200822
1454025600,379.7,385.58,361.0,377.35,2298885
1454112000,377.5,383.43,373.0,376.95,964099
1454198400,376.6,379.0,360.01,364.99,711509
1454284800,364.99,378.56,364.99,371.62,1783415
1454371200,371.95,376.13,369.99,372.69,637209
1454457600,372.42,373.9,365.71,369.78,1088239
1454544000,369.33,395.0,369.31,389.49,1487389
1454630400,388.29,398.98,384.59,385.39,914820
1454716800,385.97,386.18,371.0,374.3,1488034
1454803200,374.25,380.29,373.01,375.74,497376
1454889600,376.8,381.44,370.89,371.86,1034043
1454976000,371.76,377.8,371.15,375.55,184439
1455062400,375.55,385.93,374.82,381.39,347574
1455148800,380.94,383.0,374.0,378.2,482977
1455235200,378.29,384.56,377.47,382.22,716688
1455321600,382.39,395.0,382.11,394.85,924733
1455408000,394.8,409.4,394.33,408.92,1162021
1455494400,408.71,413.99,392.0,399.17,1986806
1455580800,400.51,410.0,397.17,406.6,1735067
1455667200,406.24,422.2,403.57,414.99,1568296
1455753600,415.46,426.11,414.5,420.77,1050982
1455840000,420.81,422.19,412.0,419.71,843415
1455926400,420.33,447.0,420.33,438.98,2922733
1456012800,439.59,451.61,427.5,439.87,2183112
1456099200,439.96,442.23,430.35,439.19,862594
1456185600,439.49,442.23,413.57,420.07,1412797
1456272000,419.76,426.83,410.65,424.52,786934
1456358400,424.38,431.11,418.8,424.46,1013217
1456444800,424.53,434.33,418.45,434.02,757074
1456531200,434.11,436.1,429.7,432.04,660402
1456617600,431.99,436.0,423.18,433.99,736904
1456704000,433.0,442.79,431.52,435.96,877171
1456790400,436.87,440.38,424.5,433.55,718888
1456876800,433.88,435.53,421.92,423.8,584575
1456963200,423.57,424.01,417.8,419.99,652635
1457049600,421.38,423.33,407.35,408.68,734758
1457136000,408.15,410.03,390.08,398.01,1053709
1457222400,397.62,410.38,392.76,404.08,507708
1457308800,403.63,414.58,402.28,412.92,550935
1457395200,413.26,415.24,409.02,412.49,260292
1457481600,411.74,414.15,408.1,413.64,218286
1457568000,413.6,418.08,411.06,418.03,316241
1457654400,417.2,423.48,416.61,421.87,648801
1457740800,421.96,421.96,407.23,411.4,878204
1457827200,411.49,416.17,411.17,412.58,147641
1457913600,412.58,416.01,412.58,415.68,153706
1458000000,415.99,418.05,413.25,415.53,168834
1458086400,416.48,417.73,413.47,416.86,118770
1458172800,417.0,419.46,417.0,419.2,124519
1458259200,417.68,418.6,402.49,408.68,406058
1458345600,407.54,409.81,403.68,409.25,316965
1458432000,409.11,412.55,406.81,412.24,258957
1458518400,411.31,412.25,407.53,412.25,239995
1458604800,411.7,417.77,411.18,416.99,233530
1458691200,417.05,419.0,414.55,416.57,440562
1458777600,417.09,418.36,412.41,415.67,375917
1458864000,415.18,416.84,410.88,415.82,298790
1458950400,415.9,418.4,413.45,416.5,214610
1459036800,416.05,433.97,415.82,425.5,1055387
1459123200,425.32,427.76,421.73,422.46,500286
1459209600,422.53,425.09,406.9,414.58,554114
1459296000,414.5,414.99,408.62,412.09,271640
1459382400,412.08,416.75,412.08,415.49,277938
1459468800,414.96,417.04,413.39,417.04,155005
1459555200,417.03,422.07,417.03,420.0,276964
1459641600,419.26,420.69,416.6,419.6,217898
1459728000,419.9,420.52,417.64,419.55,151366
1459814400,419.31,423.98,419.28,423.24,196764
1459900800,423.52,423.52,420.96,422.04,169323
1459987200,421.97,422.37,417.92,421.4,136234
1460073600,420.79,423.51,415.0,417.99,333475
1460160000,417.59,418.21,412.14,418.21,309777
1460246400,418.4,422.19,416.59,421.16,162242
1460332800,421.0,423.43,418.86,423.0,166892
1460419200,423.0,428.24,422.92,425.63,303902
1460505600,426.91,427.5,421.65,424.11,175775
1460592000,424.31,425.62,423.38,425.31,112112
1460678400,425.25,436.97,424.91,430.25,417871
1460764800,430.25,434.97,429.26,431.23,358783
1460851200,430.93,432.21,425.33,428.04,244919
1460937600,427.76,430.38,427.27,430.38,139790
1461024000,430.5,438.85,428.56,437.03,226325
1461110400,436.77,446.49,434.82,443.7,710504
1461196800,443.9,453.63,441.61,451.61,1047914
1461283200,451.78,451.94,444.23,448.0,764968
1461369600,448.63,454.75,445.82,454.75,956624
1461456000,454.36,467.12,447.81,464.32,2135164
1461542400,465.14,472.32,455.56,463.03,1222200
1461628800,463.02,473.39,462.63,468.43,943793
1461715200,469.2,469.99,443.03,445.11,1385867
1461801600,445.05,450.36,433.0,450.22,1049334
1461888000,450.49,457.17,445.79,456.39,607830
1461974400,456.39,456.39,445.52,446.7,309677
1462060800,447.99,452.8,446.57,451.41,311584
1462147200,451.71,452.52,437.06,443.59,891501
1462233600,443.68,451.46,439.66,449.75,416444
1462320000,449.7,449.7,444.07,446.95,311163
1462406400,446.91,450.12,445.43,448.09,414141
1462492800,448.53,463.9,447.1,459.91,440302
1462579200,460.19,462.47,457.38,459.52,311135
1462665600,458.61,460.62,455.61,459.9,288704
1462752000,457.27,465.51,456.5,462.23,291938
1462838400,461.51,463.49,445.6,450.6,416197
1462924800,450.44,454.33,450.33,451.56,218195
1463011200,451.5,455.3,446.4,454.75,338949
1463097600,454.47,457.72,452.56,456.49,374620
1463184000,456.7,458.43,454.69,455.81,650624
1463270400,455.82,459.6,454.84,457.75,547849
1463356800,457.91,458.82,450.33,452.7,974502
1463443200,452.61,454.38,451.65,452.75,569805
1463529600,452.53,456.25,452.07,454.01,376248
1463616000,454.07,454.23,432.86,433.0,2140400
1463702400,433.3,442.67,432.38,440.36,1143359
1463788800,440.36,441.7,437.26,440.49,511318
1463875200,440.68,440.98,434.81,436.61,1184607
1463961600,436.44,443.35,435.81,442.3,1074909
1464048000,442.42,445.44,441.64,443.06,773484
1464134400,443.32,449.58,443.32,447.01,1136596
1464220800,447.0,453.82,445.0,453.75,1240088
1464307200,453.75,485.95,453.75,474.55,3907916
1464393600,474.52,544.95,473.44,531.0,7109386
1464480000,530.67,571.0,512.49,536.74,5516528
1464566400,537.3,562.0,531.01,545.03,2986123
1464652800,543.0,552.48,520.0,537.01,4405265
1464739200,537.1,550.5,527.03,542.0,2706525
1464825600,541.65,546.36,533.52,542.02,1279430
1464912000,541.91,581.53,539.23,574.02,4368529
1464998400,574.1,596.2,565.17,574.26,3878502
1465084800,574.99,590.89,569.41,578.75,2155101
1465171200,577.87,596.59,577.43,591.59,2610125
1465257600,591.71,600.99,571.01,579.01,3652548
1465344000,579.01,589.6,572.79,586.86,3103739
1465430400,586.91,586.91,571.5,578.95,3180193
1465516800,579.53,585.59,575.0,582.28,2654189
1465603200,582.2,627.89,581.95,624.96,2849180
1465689600,624.98,702.5,616.69,682.99,11119434
1465776000,683.78,749.0,673.37,709.68,10063692
1465862400,707.86,707.86,659.0,684.07,6955671
1465948800,686.27,700.0,670.51,691.34,4030472
1466035200,696.84,788.0,696.8,773.68,10178172
1466121600,774.63,782.89,708.96,748.78,9244522
1466208000,750.77,791.68,721.51,753.9,8891191
1466294400,754.71,778.0,741.19,765.91,5381788
1466380800,766.25,767.0,723.06,737.0,7213672
1466467200,737.0,750.0,628.29,668.64,14736687
1466553600,667.2,682.06,584.0,603.99,8922536
1466640000,602.89,627.4,552.5,618.21,13999736
1466726400,620.0,681.06,617.88,666.32,9089269
1466812800,665.21,695.4,629.44,663.05,7906033
1466899200,663.39,664.71,598.59,627.5,6574603
1466985600,627.5,666.98,614.94,659.17,6750387
1467072000,659.96,663.79,631.85,646.55,4347746
1467158400,645.95,648.0,617.68,641.32,4200081
1467244800,641.8,679.95,635.01,676.33,6088511
1467331200,675.0,688.36,667.0,677.3,4941252
1467417600,677.61,706.7,676.72,706.0,5198429
1467504000,705.98,707.1,641.13,656.42,8572721
1467590400,656.52,682.33,641.0,679.75,3858157
1467676800,679.2,680.39,660.89,665.96,3436515
1467763200,667.03,683.38,667.02,677.0,2410459
1467849600,677.05,683.0,606.42,636.91,9343010
1467936000,637.27,665.34,631.02,661.6,4506702
1468022400,661.28,664.54,622.0,647.32,6275406
1468108800,646.06,652.67,634.91,650.49,3043916
1468195200,649.8,660.19,640.0,647.22,3628843
1468281600,648.27,677.52,645.19,668.0,4193927
1468368000,667.99,667.99,650.95,652.76,1887767
1468454400,652.76,665.37,648.0,657.51,2503010
1468540800,658.42,670.67,657.83,663.05,1986904
1468627200,664.41,670.0,652.61,660.94,1497798
1468713600,661.97,689.21,660.58,682.82,3502003
1468800000,683.0,685.24,663.21,674.2,3418478
1468886400,673.9,676.85,667.0,675.24,1384098
1468972800,675.0,675.13,655.32,665.21,1879106
1469059200,664.0,667.73,655.0,664.59,1436203
1469145600,663.96,668.38,640.53,648.28,3342334
1469232000,648.54,658.05,646.45,653.49,1285178
1469318400,654.48,663.95,650.05,661.0,642298
1469404800,663.4,663.64,647.81,652.95,784937
1469491200,653.95,657.0,637.71,649.93,1895588
1469577600,650.04,662.36,644.05,656.79,1898480
1469664000,656.87,659.5,646.87,654.69,910987
1469750400,654.7,658.57,653.3,657.67,741958
1469836800,657.98,658.96,650.84,654.84,551816
1469923200,654.84,654.84,618.02,621.31,4277121
1470009600,620.82,626.49,601.94,607.35,2690512
1470096000,607.97,613.17,469.03,528.83,11521643
1470182400,528.0,578.38,513.94,561.74,6887135
1470268800,563.89,580.0,555.15,573.12,4322187
1470355200,573.94,574.94,562.0,570.51,2042397
1470441600,570.14,588.99,560.09,585.81,4375716
1470528000,585.0,598.02,576.94,592.31,2922495
1470614400,591.15,592.12,583.91,586.94,2137776
1470700800,585.7,594.57,578.93,584.0,2678606
1470787200,582.81,602.07,579.87,588.98,2640793
1470873600,589.55,597.83,584.1,584.77,1462216
1470960000,584.8,588.88,578.51,586.7,2097913
1471046400,585.49,588.95,581.08,583.14,808474
1471132800,583.84,583.85,556.26,567.9,2953768
1471219200,567.33,573.0,557.55,566.03,2308854
1471305600,565.89,581.0,564.89,574.0,1962549
1471392000,574.1,576.21,566.96,570.85,671403
1471478400,570.91,576.91,569.94,571.45,1521188
1471564800,571.34,574.52,563.54,572.45,1099687
1471651200,572.46,582.24,572.0,580.23,1069522
1471737600,579.33,584.11,577.81,578.96,679455
1471824000,578.96,588.6,578.03,584.93,1138901
1471910400,584.51,587.3,575.82,580.5,904556
1471996800,580.26,581.66,574.38,576.12,1062312
1472083200,576.62,579.2,569.59,576.82,1089796
1472169600,577.1,578.32,575.14,576.57,517379
1472256000,577.25,577.48,562.32,567.18,890705
1472342400,567.82,572.63,566.07,572.22,639407
1472428800,572.75,576.57,570.4,571.72,405639
1472515200,572.08,578.73,571.49,576.91,1060538
1472601600,577.28,577.88,571.48,573.7,543227
1472688000,573.23,574.65,568.23,569.23,402378
1472774400,569.01,575.49,563.54,575.44,1093275
1472860800,575.47,605.41,571.96,596.34,2754844
1472947200,597.0,614.12,594.05,610.84,3190670
1473033600,610.5,610.96,599.08,608.04,1415341
1473120000,607.34,611.89,603.29,609.94,1263034
1473206400,610.2,614.39,606.18,613.2,1917428
1473292800,612.97,631.54,610.91,625.19,2856334
1473379200,625.58,627.25,615.54,622.28,1790037
1473465600,622.72,625.21,621.26,622.63,840485
1473552000,622.63,632.01,586.41,603.3,4137372
1473638400,603.77,606.92,599.0,606.23,2041191
1473724800,605.89,608.93,602.78,605.46,1057732
1473811200,605.46,608.0,604.18,607.63,493421
1473897600,607.33,607.62,601.69,605.02,424104
1473984000,605.02,610.0,597.04,604.91,1858554
1474070400,605.5,605.56,601.46,604.19,395907
1474156800,604.25,608.8,603.58,607.99,337130
1474243200,607.99,609.63,604.08,607.26,641488
1474329600,607.26,608.83,593.91,595.59,842449
1474416000,593.91,596.0,580.53,594.51,2047206
1474502400,594.45,596.5,593.06,594.39,704756
1474588800,594.11,606.4,591.6,600.57,1295341
1474675200,600.47,603.01,598.6,599.87,409338
1474761600,600.59,601.11,595.23,598.71,365891
1474848000,598.72,609.88,595.67,607.49,1097555
1474934400,607.84,608.98,600.9,604.0,953708
1475020800,604.0,604.0,601.25,603.09,231622
1475107200,602.84,607.34,602.26,604.59,503374
1475193600,604.84,610.46,603.09,609.6,1156523
1475280000,609.45,619.99,609.41,612.18,1787145
1475366400,612.17,612.63,605.07,609.98,1080404
1475452800,609.98,612.2,608.56,611.74,375677
1475539200,611.7,611.98,605.65,608.26,557672
1475625600,608.28,613.1,607.45,609.78,931341
1475712000,609.53,610.52,607.9,609.61,718470
1475798400,609.8,616.37,608.75,615.07,1388344
1475884800,614.98,618.71,613.88,615.25,1039133
1475971200,615.13,615.51,610.28,613.4,1172197
1476057600,613.09,617.51,610.0,617.51,2129096
1476144000,617.57,643.23,614.92,637.92,5811167
1476230400,637.93,639.19,630.43,632.88,3878280
1476316800,633.32,637.01,631.17,635.0,3309571
1476403200,634.97,642.0,632.44,638.72,3752988
1476489600,638.82,641.02,632.83,634.34,2163074
1476576000,634.32,640.26,633.24,638.82,1937159
1476662400,639.0,639.9,633.58,635.32,1346687
1476748800,635.3,637.47,631.41,634.79,1079271
1476835200,634.79,635.31,622.22,626.67,2232821
1476921600,626.32,628.57,622.4,627.32,1214049
1477008000,627.57,630.62,626.07,629.2,1587562
1477094400,629.01,665.95,629.0,657.32,4849431
1477180800,657.56,682.56,645.51,651.54,3832454
1477267200,651.31,651.67,645.25,647.1,2492365
1477353600,647.5,665.98,634.38,653.44,4268765
1477440000,653.0,677.84,652.88,675.4,4231385
1477526400,675.4,686.81,672.04,686.44,4428027
1477612800,686.07,689.2,675.66,686.69,3260008
1477699200,686.18,721.05,685.5,708.79,7816582
1477785600,708.74,709.69,686.5,697.46,8338811
1477872000,698.16,707.33,678.19,697.0,4765620
1477958400,697.98,747.0,697.01,732.37,9145077
1478044800,731.4,755.0,719.9,747.56,4490739
1478131200,747.56,751.85,659.0,684.5,18721932
1478217600,685.35,707.47,679.76,700.06,6358036
1478304000,700.23,707.47,693.77,701.45,2644738
1478390400,700.82,719.15,687.0,709.1,6147766
1478476800,709.08,709.31,696.75,701.34,2480274
1478563200,701.17,713.0,699.61,709.0,3309053
1478649600,709.02,739.0,708.0,722.63,11989712
1478736000,723.01,723.72,710.25,714.02,4378648
1478822400,714.23,718.5,710.51,718.5,3512459
1478908800,718.09,721.94,699.73,704.53,2887101
1478995200,703.68,704.5,679.84,700.11,5153879
1479081600,700.11,707.04,699.06,705.92,2156250
1479168000,705.18,717.89,705.0,712.0,2616519
1479254400,711.88,763.0,708.79,746.59,10650191
1479340800,746.46,757.82,736.0,738.88,7566231
1479427200,738.94,754.06,733.0,752.6,4739459
1479513600,753.24,764.12,730.02,750.0,7697704
1479600000,749.97,755.7,706.0,726.23,10064329
1479686400,726.21,738.94,724.63,735.82,3832062
1479772800,735.0,754.84,732.16,751.57,4912893
1479859200,752.03,753.2,730.0,740.47,5425369
1479945600,741.37,744.0,722.0,735.36,6100525
1480032000,735.36,737.66,723.0,737.4,5338231
1480118400,737.11,738.64,721.63,729.5,3342078
1480204800,729.0,735.0,724.0,727.66,3745555
1480291200,727.75,732.82,727.7,731.63,2270663
1480377600,731.64,732.6,727.14,731.02,1612631
1480464000,730.45,745.7,730.04,742.41,3077042
1480550400,741.95,756.51,741.88,753.8,4256204
1480636800,753.79,780.21,753.65,773.0,9347994
1480723200,773.01,773.01,757.14,763.7,3567591
1480809600,763.7,772.06,760.45,771.9,3177048
1480896000,771.76,772.06,740.0,750.46,7726126
1480982400,750.98,759.31,749.32,758.01,3472910
1481068800,758.07,768.96,751.0,762.96,3837061
1481155200,762.55,772.45,760.38,765.01,3172780
1481241600,765.36,773.36,764.83,769.81,2559790
1481328000,769.81,777.73,769.75,773.14,2521198
1481414400,773.14,773.15,761.4,768.97,3710679
1481500800,768.97,783.0,768.55,779.11,4146102
1481587200,779.65,792.1,761.25,772.3,6427160
1481673600,773.44,779.8,766.99,777.39,3048757
1481760000,777.4,779.0,774.98,776.69,2180513
1481846400,777.7,784.0,772.8,780.3,4656446
1481932800,780.49,792.73,779.3,788.85,3892630
1482019200,788.71,791.96,782.66,788.74,4063920
1482105600,788.67,792.46,787.68,790.04,1931101
1482192000,790.05,807.43,788.11,800.72,6143988
1482278400,800.71,839.0,797.5,836.11,12386810
1482364800,836.38,877.36,830.63,860.11,16429663
1482451200,860.11,943.76,859.58,924.71,36854308
1482537600,924.95,927.18,880.0,895.02,18458431
1482624000,895.13,897.49,861.2,892.55,16050086
1482710400,893.36,916.0,889.38,903.95,11954738
1482796800,903.95,946.76,898.84,933.98,19463552
1482883200,933.59,978.0,932.26,975.05,30477206
1482969600,975.42,980.0,941.72,973.23,20133032
1483056000,971.7,971.8,924.93,957.57,17415803
1483142400,957.57,968.39,940.0,968.29,12869720
1483228800,968.49,1009.87,960.9,1001.15,20292354
1483315200,1001.15,1035.0,996.54,1022.76,37013221
1483401600,1022.59,1040.66,1003.0,1036.9,21522604
1483488000,1037.29,1177.9,1036.49,1152.0,59945268
1483574400,1154.06,1180.45,876.08,1005.33,93256039
1483660800,1005.17,1029.24,841.75,895.85,54631519
1483747200,895.9,912.72,805.03,908.22,34472340
1483833600,907.35,939.33,877.58,909.25,25132654
1483920000,908.82,911.04,860.21,895.46,17125191
1484006400,897.0,916.99,893.38,904.0,10754420
1484092800,904.14,918.9,725.44,764.2,40654731
1484179200,764.24,819.87,724.0,789.37,21958396
1484265600,791.87,831.11,752.91,822.3,16685784
1484352000,822.36,836.1,796.07,808.9,12374030
1484438400,808.9,819.0,800.86,816.54,7907074
1484524800,816.54,834.99,811.56,824.03,9586760
1484611200,824.0,912.63,822.98,903.71,21292139
1484697600,904.52,915.0,830.0,880.0,20864102
1484784000,880.05,905.6,874.16,893.0,13326281
1484870400,893.89,897.46,877.1,890.59,9021036
1484956800,890.86,928.0,888.05,917.4,10845428
1485043200,917.36,935.56,878.55,921.54,17679151
1485129600,921.91,928.0,905.63,910.22,9519013
1485216000,910.22,927.54,878.47,883.18,17176581
1485302400,883.06,903.06,882.5,894.19,8284461
1485388800,894.17,918.04,892.24,913.26,6868194
1485475200,913.5,921.3,904.0,915.7,11963721
1485561600,916.24,921.0,915.19,917.9,2826407
1485648000,917.95,920.02,911.04,912.71,2692282
1485734400,912.72,920.3,910.01,916.26,2969419
1485820800,916.36,973.95,916.36,969.15,14230533
1485907200,969.14,989.0,960.92,985.3,9316705
1485993600,985.3,1014.84,968.89,1008.0,18804912
1486080000,1008.0,1027.01,985.75,1017.73,22318525
1486166400,1017.98,1046.67,1003.0,1035.09,24541017
1486252800,1035.82,1037.38,1005.43,1014.83,20312523
1486339200,1014.77,1033.0,1012.75,1025.0,7211615
1486425600,1024.99,1057.52,1024.72,1054.37,15270248
1486512000,1054.1,1072.78,994.8,1052.62,35838124
1486598400,1052.59,1081.05,927.72,984.02,58932811
1486684800,984.34,1003.0,934.5,988.11,30153996
1486771200,988.12,1010.95,978.01,1003.0,15308914
1486857600,1003.01,1006.53,992.23,995.09,6852679
1486944000,995.01,1002.97,956.13,990.95,15705639
1487030400,990.96,1021.79,975.0,1008.5,16691893
1487116800,1008.1,1012.0,994.01,1006.7,5840460
1487203200,1007.06,1044.48,1006.51,1035.65,16624041
1487289600,1035.2,1057.5,1026.3,1050.1,21722362
1487376000,1050.01,1067.86,1022.05,1056.02,19298680
1487462400,1056.01,1058.16,1037.59,1050.44,12108730
1487548800,1050.42,1094.7,1042.0,1085.07,16509215
1487635200,1085.11,1127.8,1068.21,1123.18,41743050
1487721600,1122.54,1128.9,1100.0,1114.27,31854380
1487808000,1114.7,1193.23,1110.39,1183.55,46622434
1487894400,1184.85,1220.16,1030.0,1172.42,77794209
1487980800,1172.01,1183.33,1125.0,1151.03,27949897
1488067200,1150.4,1185.01,1130.58,1177.0,21172640
1488153600,1177.3,1197.99,1165.95,1194.87,21803886
1488240000,1194.48,1212.66,1152.27,1187.31,31384856
1488326400,1187.35,1234.19,1182.4,1234.19,25069015
1488412800,1233.8,1279.0,1200.0,1257.65,41418642
1488499200,1257.52,1297.0,1256.3,1291.0,39431131
1488585600,1291.08,1292.76,1235.01,1266.54,36040668
1488672000,1266.35,1278.52,1238.01,1277.81,19827628
1488758400,1278.06,1284.9,1263.0,1279.79,20812724
1488844800,1279.79,1281.0,1166.0,1231.99,55319867
1488931200,1232.8,1239.97,1143.44,1151.59,82458223
1489017600,1151.63,1206.0,1135.0,1189.87,47703137
1489104000,1190.29,1337.58,966.0,1119.08,105434261
1489190400,1119.93,1200.47,1107.88,1181.68,33170387
1489276800,1181.55,1236.88,1175.38,1227.04,24150871
1489363200,1227.03,1249.27,1212.76,1243.26,24724492
1489449600,1243.25,1263.35,1225.45,1246.62,17946218
1489536000,1246.75,1264.84,1242.51,1260.28,14362472
1489622400,1260.27,1260.27,1134.54,1174.0,51238296
1489708800,1173.45,1173.51,1065.0,1068.98,89088990
1489795200,1068.98,1099.64,936.0,970.0,120443995
1489881600,970.0,1066.33,969.78,1018.82,42910547
1489968000,1018.37,1053.95,1014.74,1037.99,22937798
1490054400,1038.0,1120.0,1037.99,1111.78,38653846
1490140800,1112.45,1112.82,989.0,1036.31,64913125
1490227200,1037.38,1052.62,1015.43,1031.01,20108266
1490313600,1030.02,1032.94,921.2,936.0,64951798
1490400000,935.69,971.98,889.88,965.08,61314424
1490486400,965.09,1005.07,944.24,964.71,47108801
1490572800,964.94,1042.96,956.76,1038.84,33173819
1490659200,1038.84,1065.98,1017.72,1042.37,29478070
1490745600,1042.37,1061.98,1008.02,1041.31,33905422
1490832000,1041.2,1055.46,1019.8,1034.35,15313239
1490918400,1034.35,1095.8,1034.35,1079.9,30973280
1491004800,1079.8,1104.7,1065.0,1090.7,19277155
1491091200,1090.6,1111.1,1075.9,1098.6,16682232
1491177600,1098.6,1155.4,1098.5,1145.7,31513035
1491264000,1145.6,1160.9,1122.2,1142.9,20987411
1491350400,1142.9,1145.0,1107.0,1135.0,19382938
1491436800,1134.9,1201.6,1134.3,1188.1,28186329
1491523200,1188.0,1204.9,1173.2,1191.9,24879651
1491609600,1191.8,1198.5,1167.4,1183.8,15059259
1491696000,1183.9,1227.1,1176.9,1211.2,18732082
1491782400,1211.3,1224.1,1201.1,1213.6,16058919
1491868800,1213.6,1238.5,1201.6,1224.0,17908181
1491955200,1224.5,1228.3,1213.7,1217.1,12500747
1492041600,1217.1,1225.1,1128.0,1177.9,35638175
1492128000,1177.5,1201.0,1173.7,1187.8,18162898
1492214400,1187.9,1203.8,1125.0,1179.5,12453014
1492300800,1179.5,1198.6,1174.8,1193.0,7305886
1492387200,1193.4,1225.0,1186.7,1197.0,18209458
1492473600,1197.2,1221.1,1197.1,1209.3,11300122
1492560000,1209.2,1216.8,1196.7,1209.6,11647456
1492646400,1210.1,1248.3,1210.0,1239.0,18959907
1492732800,1239.0,1257.5,1237.8,1249.3,14421415
1492819200,1249.3,1255.0,1210.0,1243.0,19863750
1492905600,1243.0,1251.1,1230.6,1246.9,7243533
1492992000,1246.9,1258.5,1238.9,1255.5,6407156
1493078400,1255.4,1290.4,1254.4,1277.9,14007798
1493164800,1277.9,1316.7,1274.7,1296.4,23479688
1493251200,1296.5,1357.0,1291.7,1344.3,23736798
1493337600,1344.2,1362.2,1298.0,1339.7,32294442
1493424000,1340.1,1356.1,1329.8,1347.4,14063378
1493510400,1347.3,1374.6,1330.0,1366.6,17320159
1493596800,1366.3,1449.7,1366.0,1422.3,35495465
1493683200,1422.3,1486.0,1408.3,1460.6,42017488
1493769600,1460.1,1518.3,1446.0,1517.3,40341927
1493856000,1517.3,1658.0,1441.5,1551.0,108750975
1493942400,1550.2,1627.0,1499.0,1529.6,83633976
1494028800,1529.7,1586.5,1522.4,1572.1,32719292
1494115200,1572.0,1604.1,1541.2,1590.0,23027368
1494201600,1590.0,1681.9,1589.9,1680.1,38028842
1494288000,1680.4,1791.2,1636.0,1729.9,83904463
1494374400,1730.0,1797.0,1691.3,1783.2,41525066
1494460800,1783.2,1890.0,1752.0,1835.7,72706918
1494547200,1837.1,1841.1,1650.0,1692.3,99652672
1494633600,1692.3,1787.8,1598.4,1787.0,81130427
1494720000,1787.0,1824.0,1756.9,1804.2,44035178
1494806400,1804.1,1804.1,1685.8,1740.8,58208348
1494892800,1739.0,1768.0,1676.6,1746.0,32788786
1494979200,1744.8,1848.1,1719.2,1813.4,46266930
1495065600,1816.5,1905.7,1808.4,1894.1,35239579
1495152000,1894.1,1972.6,1894.1,1960.0,49097144
1495238400,1960.1,2067.8,1955.0,2053.8,41810081
1495324800,2053.8,2090.0,1970.2,2041.2,64347188
1495411200,2041.2,2270.0,1990.1,2105.0,124747461
1495497600,2105.0,2279.5,2097.2,2268.1,84276631
1495584000,2268.6,2494.6,2268.5,2431.6,113302810
1495670400,2429.8,2811.0,2181.2,2306.3,258820855
1495756800,2307.0,2624.2,2055.0,2273.7,217245534
1495843200,2273.7,2349.5,1900.0,2089.9,171666529
1495929600,2089.9,2326.0,2088.2,2210.9,106883281
1496016000,2212.1,2373.5,2128.3,2309.6,74745158
1496102400,2310.2,2360.0,2122.4,2191.4,67301051
1496188800,2191.0,2340.0,2155.0,2304.1,53059287
1496275200,2304.0,2465.7,2302.0,2416.8,57279425
1496361600,2416.8,2501.2,2376.0,2497.9,41297438
1496448000,2498.0,2582.5,2450.0,2543.4,54746338
1496534400,2543.5,2569.4,2464.2,2529.3,43808075
1496620800,2529.4,2723.4,2523.3,2715.4,52810719
1496707200,2715.4,2955.0,2703.2,2897.9,147030693
1496793600,2897.9,2914.1,2610.0,2667.6,103352659
1496880000,2667.6,2827.2,2589.0,2817.7,68819033
1496966400,2817.5,2866.8,2788.3,2817.2,46577238
1497052800,2817.1,2930.5,2803.0,2922.0,52286178
1497139200,2923.4,3017.0,2879.9,2994.8,48306924
1497225600,2994.9,3006.9,2470.0,2656.5,187239903
1497312000,2656.9,2790.3,2635.1,2702.6,63913652
1497398400,2702.6,2798.9,2320.0,2432.9,139982991
1497484800,2430.8,2501.3,2095.5,2410.7,179250376
1497571200,2410.6,2518.6,2290.0,2471.0,83294972
1497657600,2470.1,2678.1,2406.8,2626.3,67003395
1497744000,2630.2,2677.1,2457.0,2525.0,76508816
1497830400,2518.9,2600.8,2485.2,2598.8,42089739
1497916800,2598.8,2802.5,2580.0,2736.8,62478121
1498003200,2737.1,2788.9,2595.0,2652.7,85189260
1498089600,2649.5,2730.0,2589.0,2699.9,38506589
1498176000,2699.9,2744.1,2649.1,2678.9,30749419
1498262400,2678.9,2717.9,2502.0,2559.5,66355372
1498348800,2559.5,2635.2,2424.8,2507.9,68277139
1498435200,2507.8,2549.0,2300.7,2420.1,111425810
1498521600,2420.0,2549.0,2257.7,2541.6,104465173
1498608000,2543.8,2594.5,2450.0,2558.3,58060738
1498694400,2558.2,2600.2,2505.7,2532.7,45231684
1498780800,2532.7,2556.4,2443.5,2453.4,38809769
1498867200,2453.4,2497.4,2390.0,2422.7,47392832
1498953600,2423.1,2533.9,2371.3,2510.2,41945870
1499040000,2510.3,2599.7,2478.4,2540.5,43143932
1499126400,2540.4,2638.9,2540.1,2602.2,40891823
1499212800,2602.0,2626.3,2532.3,2603.2,31768789
1499299200,2602.1,2618.7,2563.0,2603.8,21108431
1499385600,2603.8,2608.0,2473.0,2505.1,47647945
1499472000,2505.1,2558.0,2467.4,2554.4,36015348
1499558400,2554.0,2565.7,2498.3,2506.5,26976481
1499644800,2506.6,2521.9,2271.0,2335.2,94816230
1499731200,2335.2,2397.8,2241.9,2304.8,81063826
1499817600,2304.5,2408.4,2231.8,2386.8,79874625
1499904000,2386.9,2421.0,2310.6,2338.1,42566065
1499990400,2338.1,2354.8,2135.5,2208.4,85136385
1500076800,2212.3,2221.5,1970.5,1974.0,136364277
1500163200,1974.4,2047.2,1810.0,1924.5,155681818
1500249600,1924.4,2226.4,1910.0,2223.5,121549945
1500336000,2223.9,2387.0,2150.0,2303.0,156111878
1500422400,2303.0,2398.9,2220.0,2262.1,121950935
1500508800,2261.2,2959.2,2261.0,2883.1,272443483
1500595200,2884.1,2888.0,2610.0,2666.0,200071318
1500681600,2666.0,2906.0,2644.2,2833.2,157951704
1500768000,2833.1,2866.3,2650.0,2752.8,140948241
1500854400,2752.9,2817.0,2704.3,2764.4,91497864
1500940800,2764.4,2788.4,2438.4,2559.6,229714016
1501027200,2559.9,2609.9,2391.2,2530.2,156631568
1501113600,2530.0,2685.1,2512.6,2662.3,104885818
1501200000,2662.3,2828.0,2654.5,2782.0,142053965
1501286400,2781.8,2784.7,2654.9,2692.5,111150377
1501372800,2692.1,2747.0,2556.2,2730.4,86265869
1501459200,2730.2,2891.0,2684.7,2851.1,101346941
1501545600,2850.4,2913.1,2601.2,2730.1,173819218
1501632000,2730.7,2766.6,2633.7,2706.9,81464944
1501718400,2706.9,2805.8,2699.3,2787.7,51230643
1501804800,2787.7,2875.1,2760.6,2854.9,73184795
1501891200,2854.8,3341.6,2848.2,3257.8,249140638
1501977600,3257.8,3305.0,3142.8,3221.8,134273847
1502064000,3221.9,3442.0,3180.7,3395.0,135545546
1502150400,3395.2,3486.7,3328.0,3422.1,180632515
1502236800,3422.0,3430.2,3220.0,3341.2,159826371
1502323200,3341.2,3443.9,3307.5,3412.2,89052947
1502409600,3412.0,3718.6,3393.4,3651.8,145203168
1502496000,3651.9,3987.6,3603.7,3874.4,264461491
1502582400,3874.4,4215.1,3842.0,4077.9,375155723
1502668800,4078.1,4353.0,3960.3,4328.5,269279921
1502755200,4328.4,4440.0,3834.6,4158.1,430371309
1502841600,4158.1,4415.0,3917.0,4402.3,274394106
1502928000,4402.3,4498.0,4170.0,4278.3,316217204
1503014400,4278.3,4368.3,3941.9,4101.1,254893872
1503100800,4101.1,4183.0,3933.0,4131.1,195584503
1503187200,4131.2,4164.0,4014.5,4049.4,134919363
1503273600,4050.8,4087.4,3951.0,3998.1,120132287
1503360000,3998.0,4187.3,3550.0,4101.6,278792647
1503446400,4101.5,4259.9,4050.0,4138.0,157594985
1503532800,4138.1,4368.0,4085.8,4318.6,119190593
1503619200,4319.3,4472.6,4256.0,4357.4,147356392
1503705600,4357.3,4371.3,4234.1,4334.9,96825214
1503792000,4334.8,4414.0,4300.4,4341.9,71225308
1503878400,4341.8,4413.3,4169.0,4390.8,123025429
1503964800,4390.8,4709.9,4333.5,4591.8,175035270
1504051200,4591.8,4666.5,4473.8,4569.2,116996988
1504137600,4569.2,4769.0,4569.1,4723.9,140130707
1504224000,4723.9,4944.5,4678.0,4944.5,183655347
1504310400,4944.5,5013.3,4487.3,4633.1,407688486
1504396800,4633.2,4742.2,4412.1,4624.2,223677242
1504483200,4624.1,4630.0,4161.4,4339.9,388478483
1504569600,4339.7,4505.0,4061.3,4427.0,307926743
1504656000,4427.6,4662.9,4410.7,4608.2,184852439
1504742400,4608.2,4678.0,4476.1,4613.9,152792191
1504828800,4613.9,4689.7,4116.0,4317.9,417833219
1504915200,4317.9,4416.1,4185.1,4325.8,207889826
1505001600,4324.8,4344.0,4012.6,4239.5,239857224
1505088000,4239.8,4380.0,4105.4,4207.0,187757199
1505174400,4207.0,4380.0,4055.0,4148.8,223164080
1505260800,4148.8,4152.1,3722.9,3856.6,383908452
1505347200,3856.5,3920.7,3200.1,3222.9,590184470
1505433600,3224.0,3841.1,2939.7,3706.1,792609515
1505520000,3705.8,3900.0,3531.7,3697.0,325600157
1505606400,3696.9,3810.0,3470.8,3687.1,238266454
1505692800,3687.0,4149.0,3687.0,4110.2,328976767
1505779200,4110.3,4130.0,3838.4,3883.8,352115516
1505865600,3883.3,4060.0,3825.0,3867.1,263081252
1505952000,3867.1,3903.5,3571.4,3611.0,370202112
1506038400,3611.0,3765.0,3515.0,3603.5,330019159
1506124800,3603.0,3826.5,3560.0,3778.9,221180063
1506211200,3778.8,3781.9,3595.5,3660.4,187902872
1506297600,3660.6,3980.0,3656.0,3925.5,271819358
1506384000,3924.9,3981.3,3850.0,3874.0,225261474
1506470400,3873.9,4220.0,3866.5,4202.5,308069192
1506556800,4202.3,4276.7,4125.0,4187.9,310866631
1506643200,4187.9,4240.0,4031.1,4164.8,394154232
1506729600,4164.8,4355.7,4155.0,4327.3,281256398
1506816000,4327.3,4384.1,4251.1,4382.8,260400287
1506902400,4382.8,4458.8,4355.5,4388.0,322064731
1506988800,4388.1,4435.0,4224.1,4318.3,349047436
1507075200,4318.2,4339.0,4162.0,4213.3,251445083
1507161600,4213.4,4377.5,4134.8,4311.4,319137500
1507248000,4311.4,4430.0,4291.7,4372.1,252070113
1507334400,4372.1,4484.0,4307.0,4445.3,175049890
1507420800,4445.4,4619.6,4429.5,4591.0,297011953
1507507200,4591.0,4914.5,4546.4,4798.8,576352442
1507593600,4798.9,4943.7,4698.6,4771.7,525518662
1507680000,4771.8,4887.0,4706.0,4822.0,368758715
1507766400,4822.0,5467.5,4800.6,5463.6,883212184
1507852800,5464.7,5980.0,5394.9,5667.3,1336720748
1507939200,5667.3,5890.0,5588.7,5872.1,590927424
1508025600,5872.2,5904.6,5405.0,5711.1,782169799
1508112000,5711.1,5876.2,5531.1,5795.0,512256122
1508198400,5795.0,5819.9,5510.0,5600.0,568041073
1508284800,5600.0,5647.9,5100.0,5590.8,1067907994
1508371200,5591.3,5757.9,5527.0,5700.8,655240545
1508457600,5700.7,6168.9,5602.0,6017.5,912558192
1508544000,6018.7,6220.0,5875.0,6018.7,854248299
1508630400,6017.5,6080.2,5720.0,5986.0,847520369
1508716800,5986.0,6095.2,5638.7,5853.9,1013064819
1508803200,5853.9,5853.9,5454.0,5517.4,950744064
1508889600,5517.4,5758.9,5366.0,5732.0,710909859
1508976000,5732.0,6008.0,5669.6,5888.4,773138211
1509062400,5888.4,6013.0,5678.0,5769.3,632848491
1509148800,5769.3,5878.0,5652.7,5727.1,444659626
1509235200,5726.9,6366.0,5687.5,6159.3,756109936
1509321600,6162.0,6221.8,6010.8,6134.9,579186740
1509408000,6134.9,6489.0,6088.4,6440.1,757390412
1509494400,6440.0,6750.0,6360.0,6749.5,1002702139
1509580800,6749.6,7437.7,6700.3,7025.8,1947637864
1509667200,7025.8,7495.0,6920.0,7146.5,1321777619
1509753600,7146.6,7596.1,6983.6,7393.9,1077283262
1509840000,7393.9,7621.7,7280.5,7378.3,1029792323
1509926400,7378.3,7436.0,6900.0,6960.0,1477643661
1510012800,6960.0,7215.5,6957.0,7121.3,1060689403
1510099200,7121.3,7950.0,7013.0,7465.0,1939100851
1510185600,7465.1,7490.2,7030.0,7150.5,1021866714
1510272000,7151.0,7362.5,6431.0,6564.0,1784422368
1510358400,6564.0,6818.0,6220.5,6345.5,1335894178
1510444800,6345.0,6480.0,5464.0,5846.5,2217483525
1510531200,5846.5,6720.0,5800.5,6558.0,1439111574
1510617600,6558.5,6777.0,6410.0,6632.5,783289296
1510704000,6632.5,7367.0,6624.5,7310.5,1271137892
1510790400,7310.0,8061.0,7131.0,7867.0,1352874206
1510876800,7867.0,8059.0,7550.0,7674.0,1575977218
1510963200,7674.5,7893.5,7425.0,7805.5,857056815
1511049600,7806.0,8152.5,7680.0,8062.0,800402418
1511136000,8061.5,8305.0,7929.5,8243.0,863222728
1511222400,8243.0,8393.5,7407.5,8098.5,1670787515
1511308800,8099.0,8319.0,8050.5,8219.0,853748162
1511395200,8219.0,8275.5,7975.5,7988.5,682535318
1511481600,7988.0,8386.5,7832.0,8207.5,976560999
1511568000,8208.0,8787.0,8140.0,8760.0,900440645
1511654400,8760.0,9586.0,8734.5,9339.0,1807968585
1511740800,9339.0,9796.0,9339.0,9751.5,1572797374
1511827200,9751.5,9992.5,9607.5,9938.0,1236953894
1511913600,9938.0,11489.0,8830.0,9869.5,3490469446
1512000000,9869.5,10750.5,8938.5,9960.0,2291590521
1512086400,9959.5,10988.0,9347.5,10879.5,1948017516
1512172800,10879.5,11262.5,10676.5,10910.5,1389465247
1512259200,10910.5,11896.0,10402.0,11210.0,1662517142
1512345600,11209.5,11685.5,10856.0,11682.0,1539285527
1512432000,11682.0,11961.0,11451.0,11726.0,1165153246
1512518400,11726.0,13890.5,11724.0,13682.0,2181553335
1512604800,13676.5,17750.0,13323.5,17427.0,3745748309
1512691200,17426.0,17719.5,13889.5,16272.0,2976200225
1512777600,16272.0,16600.0,13225.0,14984.5,1858006738
1512864000,14984.5,16149.0,13218.0,15143.0,2334949262
1512950400,15132.0,17742.5,15102.0,17009.0,1661016866
1513036800,17009.5,18067.0,16200.0,17236.0,1618633765
1513123200,17236.0,17561.0,15855.0,16436.5,1740697543
1513209600,16447.0,17145.0,16103.0,16651.0,1046084323
1513296000,16651.0,18296.5,16615.5,17700.0,1508093617
1513382400,17700.0,19840.0,17476.5,19547.5,1425811474
1513468800,19547.5,20093.0,18737.5,19287.5,1816963445
1513555200,19285.5,19384.0,18032.5,19127.0,1806717297
1513641600,19125.0,19346.0,16804.5,17663.0,1864278438
1513728000,17662.5,17943.5,15080.0,16463.0,2464171914
1513814400,16463.5,17468.5,15050.0,15775.0,1653592333
1513900800,15758.5,15905.0,10900.0,13763.5,3487515347
1513987200,13763.5,15928.0,13462.0,14719.5,1477899382
1514073600,14719.5,14788.5,12521.5,14227.5,1662515600
1514160000,14228.0,14710.5,13232.0,13989.5,996248193
1514246400,13990.0,16384.5,13900.0,15833.5,1375059652
1514332800,15839.5,16700.0,14497.5,15380.5,1281235547
1514419200,15381.0,15535.5,13450.5,14480.0,1326750967
1514505600,14480.0,15175.0,13905.0,14539.5,876425910
1514592000,14539.0,14601.5,11973.0,12673.5,1516089382
1514678400,12673.5,14350.0,12468.5,13873.0,814405650
1514764800,13873.0,14011.5,12772.0,13477.0,638958746
1514851200,13476.5,15269.0,12900.0,14786.5,904159652
1514937600,14787.0,15524.0,14555.0,15157.0,812686550
1515024000,15157.5,15500.0,14150.0,15186.0,814142088
1515110400,15186.0,17088.0,14805.0,16891.0,1010611092
1515196800,16891.0,17422.0,16235.0,17210.0,764303511
1515283200,17210.0,17213.0,15770.5,16224.5,863341710
1515369600,16224.5,16329.0,13800.0,14952.5,1473520709
1515456000,14952.0,15375.0,14183.0,14465.0,999024212
1515542400,14466.5,15012.5,13426.0,14963.5,1154658078
1515628800,14970.5,15033.5,12703.5,13287.5,1514629882
1515715200,13288.0,14197.0,12818.5,13874.5,886264793
1515801600,13872.0,14600.0,13810.0,14209.0,588530993
1515888000,14209.0,14364.0,13049.0,13645.0,806932736
1515974400,13645.5,14374.5,13400.0,13621.0,747398582
1516060800,13618.5,13619.0,10100.0,11330.0,2755983315
1516147200,11330.0,11799.0,9209.0,11210.0,2266854171
1516233600,11207.5,12183.0,10615.5,11252.0,1431204983
1516320000,11251.0,12078.0,10956.5,11546.5,989531644
1516406400,11547.0,13008.0,11490.0,12746.5,930649076
1516492800,12747.0,12757.0,11088.5,11560.0,1143587814
1516579200,11559.5,11855.0,10020.0,10792.5,1486837759
1516665600,10792.5,11437.0,9874.0,10830.0,1449900102
1516752000,10830.5,11499.0,10437.0,11394.5,1131616118
1516838400,11394.5,11750.0,10840.5,11117.0,981325170
1516924800,11117.0,11653.0,10230.0,11110.0,1452834582
1517011200,11110.0,11631.0,10777.5,11398.0,1009595524
1517097600,11398.0,11970.0,11350.0,11631.5,752036031
1517184000,11631.0,11768.0,10865.0,11127.0,922831552
1517270400,11127.5,11217.5,9616.5,9999.0,1551256047
1517356800,9996.5,10332.5,9500.0,10132.0,1160207807
1517443200,10138.5,10199.0,8476.0,9008.0,1778962963
1517529600,9009.0,9054.5,7610.0,8807.5,1969893289
1517616000,8807.5,9499.0,8105.0,9226.5,1176830484
1517702400,9227.0,9395.0,7791.0,8151.0,1436077656
1517788800,8152.5,8344.5,6543.0,6889.5,2088881028
1517875200,6889.5,7930.0,5855.0,7674.5,2383969711
1517961600,7674.5,8590.0,7189.5,7598.5,1968824425
1518048000,7597.0,8655.0,7576.0,8232.5,1711303991
1518134400,8233.0,8750.0,7692.0,8675.5,1462172970
1518220800,8675.5,9084.0,8112.0,8548.5,1536968544
1518307200,8548.0,8548.5,7830.0,8065.0,1528310563
1518393600,8065.0,8999.0,8063.0,8905.5,1606293489
1518480000,8905.5,8944.0,8331.0,8499.5,1530738973
1518566400,8499.5,9515.0,8499.5,9462.5,1672574959
1518652800,9462.0,10191.0,9336.0,10008.0,2116132820
1518739200,10009.0,10304.0,9705.0,10185.5,1750655042
1518825600,10185.5,11160.0,10013.5,11144.0,2178101186
1518912000,11144.0,11292.0,10174.0,10402.0,3006576838
1518998400,10400.0,11277.0,10300.0,11173.0,2443193873
1519084800,11173.0,11771.0,11020.0,11220.0,2733707152
1519171200,11220.5,11250.0,10251.0,10455.0,3211644653
1519257600,10455.5,10905.0,9726.0,9831.5,3217750552
1519344000,9831.5,10369.0,9581.0,10130.5,2811485126
1519430400,10130.5,10523.0,9338.5,9689.0,2780775740
1519516800,9689.0,9880.0,9289.0,9591.0,2299980554
1519603200,9591.0,10450.0,9379.5,10316.5,2500491670
1519689600,10317.0,10879.5,10150.5,10530.0,2639763770
1519776000,10512.5,11070.0,10250.0,10319.0,3137484715
1519862400,10319.0,11105.0,10230.0,10919.5,3081991666
1519948800,10919.5,11198.0,10770.0,11030.0,2963568811
1520035200,11030.0,11524.5,11022.0,11458.0,2803508861
1520121600,11458.5,11538.0,11066.0,11490.5,2634323574
1520208000,11490.5,11683.0,11330.5,11330.5,2409753832
1520294400,11330.5,11391.5,10560.0,10730.0,3980630223
1520380800,10730.0,10898.0,9330.5,9913.5,4822972246
1520467200,9914.0,10121.5,9030.0,9304.5,4815555852
1520553600,9304.5,9423.5,8340.0,9224.0,5723376753
1520640000,9224.0,9500.0,8706.0,8789.5,3158061690
1520726400,8789.5,9789.0,8400.0,9543.0,3947429500
1520812800,9542.5,9900.0,8711.0,9093.0,3856719896
1520899200,9092.5,9519.0,8805.5,9133.5,3565624937
1520985600,9133.5,9400.0,7933.5,8190.5,3603357324
1521072000,8191.0,8475.0,7652.5,8250.5,3815408242
1521158400,8250.5,8643.0,7873.0,8250.5,2725855502
1521244800,8247.5,8389.0,7730.5,7849.0,2600358139
1521331200,7849.0,8370.0,7300.0,8189.0,3812114001
1521417600,8188.5,8780.0,8126.0,8590.0,3174134064
1521504000,8590.0,9064.0,8323.5,8897.0,3098742538
1521590400,8896.5,9217.5,8750.0,8893.5,3037673596
1521676800,8893.5,9095.0,8505.0,8700.0,3088085258
1521763200,8700.0,8948.0,8255.0,8921.0,3053687082
1521849600,8920.5,9032.5,8460.5,8512.0,2776441965
1521936000,8514.5,8683.0,8360.0,8444.5,2698674833
1522022400,8444.0,8493.5,7820.0,8150.0,3200837738
1522108800,8150.0,8199.0,7716.0,7791.0,3196058935
1522195200,7792.5,8097.0,7727.5,7935.0,2432935533
1522281600,7935.0,7963.5,6850.0,7082.0,4153824059
1522368000,7082.0,7227.0,6543.0,6820.0,4484265672
1522454400,6820.5,7222.0,6788.0,6920.5,3064915621
1522540800,6920.5,7053.0,6404.5,6817.0,3120463644
1522627200,6817.0,7123.0,6766.0,7046.5,2396422744
1522713600,7046.5,7518.0,7006.5,7408.5,2730070459
1522800000,7408.5,7420.0,6686.5,6779.0,3371330612
1522886400,6779.0,6935.0,6555.0,6769.5,3283289247
1522972800,6769.0,6875.0,6479.5,6612.0,2256699483
1523059200,6611.5,7058.5,6608.0,6900.5,1935569407
1523145600,6900.0,7137.0,6885.0,7014.0,1602230571
1523232000,7014.0,7177.5,6600.0,6763.0,2772775920
1523318400,6765.0,6888.0,6620.0,6824.0,1765375582
1523404800,6824.0,6959.0,6802.0,6933.5,1428141027
1523491200,6933.0,8149.0,6688.0,7904.5,3364142710
1523577600,7905.0,8227.0,7754.0,7887.5,3478152695
1523664000,7887.5,8195.0,7835.0,8000.0,2357357570
1523750400,8000.0,8428.5,8000.0,8346.5,2043519004
1523836800,8346.5,8420.0,7910.0,8047.0,2834140820
1523923200,8047.5,8179.0,7800.5,7889.5,2154592030
1524009600,7889.5,8262.0,7857.0,8177.0,1900890471
1524096000,8176.5,8300.0,8068.5,8266.0,1911752679
1524182400,8266.0,8974.0,8215.0,8847.0,3018131037
1524268800,8850.0,9050.5,8651.0,8923.5,3074828221
1524355200,8923.5,9020.0,8739.0,8800.0,2644757064
1524441600,8800.0,9005.0,8780.0,8943.0,2135080245
1524528000,8943.0,9780.0,8939.5,9675.0,4135964861
1524614400,9675.5,9765.5,8711.0,8846.5,5812260809
1524700800,8847.0,9327.0,8611.0,9288.0,3628323166
1524787200,9288.0,9384.5,8910.0,8928.0,2858560602
1524873600,8928.0,9450.0,8852.0,9343.5,2857265463
1524960000,9343.5,9540.0,9192.0,9400.5,2283372166
1525046400,9400.5,9457.0,9123.0,9250.0,2370798272
1525132800,9250.0,9253.5,8800.5,9066.0,2581286454
1525219200,9065.5,9258.0,8974.5,9216.0,1979596355
1525305600,9216.5,9852.0,9167.5,9741.5,3062952346
1525392000,9742.0,9778.0,9351.0,9683.0,2686795243
1525478400,9683.0,9970.0,9671.5,9828.5,2448922057
1525564800,9828.5,9936.0,9416.0,9600.5,2905667236
1525651200,9600.5,9618.0,9170.0,9359.5,3094401138
1525737600,9359.5,9449.0,9002.0,9190.5,2521604621
1525824000,9190.0,9345.0,8966.0,9305.5,2209067325
1525910400,9305.5,9399.0,9001.0,9027.5,2312772193
1525996800,9027.0,9027.5,8337.0,8413.0,4076886927
1526083200,8412.5,8634.5,8225.0,8477.0,3743678488
1526169600,8477.5,8758.0,8336.0,8693.5,2489733333
1526256000,8693.5,8882.5,8282.5,8678.0,3328000880
1526342400,8678.5,8849.0,8417.5,8476.5,2518801102
1526428800,8477.5,8497.0,8080.0,8334.5,3019083310
1526515200,8334.5,8481.0,7945.0,8058.5,2062998531
1526601600,8058.0,8273.5,7920.0,8233.0,1913268873
1526688000,8233.0,8400.0,8152.0,8230.0,1389157000
1526774400,8230.0,8610.0,8174.5,8521.5,1688325934
1526860800,8521.0,8594.5,8320.0,8397.0,1822218966
1526947200,8397.5,8407.0,7950.0,7989.0,2605511682
1527033600,7988.5,8028.5,7430.5,7506.0,4239434752
1527120000,7506.0,7740.0,7256.0,7568.0,3643462718
1527206400,7568.0,7664.0,7320.0,7464.5,2526335028
1527292800,7464.0,7648.0,7261.5,7323.0,1583043651
1527379200,7323.0,7400.0,7189.0,7336.5,1586552180
1527465600,7336.5,7450.0,7080.5,7111.0,2096061721
1527552000,7111.5,7569.0,7060.0,7469.0,2520310300
1527638400,7469.0,7559.0,7272.0,7372.0,2243176275
1527724800,7372.0,7625.0,7330.0,7485.5,2079080592
1527811200,7485.0,7618.0,7333.0,7513.0,2052327769
1527897600,7513.0,7727.0,7444.0,7631.0,1605266241
1527984000,7631.0,7798.0,7575.0,7709.0,1445971161
1528070400,7709.5,7760.0,7451.5,7492.0,2095467189
1528156800,7491.5,7670.0,7344.0,7622.5,2386096764
1528243200,7622.5,7700.0,7478.0,7657.0,2097993855
1528329600,7657.0,7755.0,7630.0,7689.0,1635826616
1528416000,7689.0,7696.5,7540.0,7625.0,1521736866
1528502400,7625.5,7700.0,7436.0,7492.0,1292545054
1528588800,7492.0,7492.5,6610.0,6767.0,4274476580
1528675200,6767.5,6937.5,6620.0,6870.5,2564402549
1528761600,6870.5,6871.0,6433.0,6553.5,2482831664
1528848000,6554.0,6633.0,6097.0,6296.5,3428613349
1528934400,6296.0,6718.0,6268.0,6631.0,3266911069
1529020800,6631.0,6680.0,6355.0,6395.0,2122244939
1529107200,6395.0,6600.0,6312.0,6488.5,1611790144
1529193600,6488.5,6580.5,6425.0,6443.0,1117998519
1529280000,6443.5,6800.0,6374.5,6706.5,1805907697
1529366400,6706.5,6838.0,6651.0,6731.5,1560469347
1529452800,6732.0,6823.0,6552.5,6750.0,2081708537
1529539200,6750.0,6789.0,6671.0,6710.5,1367091858
1529625600,6711.0,6728.0,5900.5,6048.5,4210439295
1529712000,6049.0,6270.5,6033.5,6165.0,1870926804
1529798400,6165.0,6347.0,5743.0,6150.0,3377165754
1529884800,6149.5,6350.0,6061.0,6251.5,2102465719
1529971200,6251.5,6280.5,6044.0,6074.0,1799224918
1530057600,6074.0,6178.0,5980.0,6129.0,1704149595
1530144000,6129.5,6154.5,5820.0,5844.5,1851396109
1530230400,5844.5,6333.0,5778.0,6205.5,2292098551
1530316800,6206.0,6570.0,6190.0,6383.5,1807163219
1530403200,6383.5,6432.0,6255.0,6346.0,1319251691
1530489600,6346.0,6675.0,6268.0,6610.0,1880960640
1530576000,6610.0,6670.0,6463.5,6505.5,1780702469
1530662400,6505.5,6820.0,6412.0,6582.0,2268262656
1530748800,6582.0,6730.0,6429.0,6526.5,2617202059
1530835200,6526.5,6650.0,6453.0,6599.5,1710990235
1530921600,6599.0,6868.0,6503.0,6756.5,1518636008
1531008000,6757.0,6774.5,6670.0,6701.0,1116451986
1531094400,6701.0,6841.0,6626.0,6668.0,1603774426
1531180800,6667.5,6678.0,6260.0,6304.0,2639293981
1531267200,6304.0,6399.5,6277.0,6371.0,1751420493
1531353600,6371.0,6371.0,6065.0,6246.5,2325378509
1531440000,6246.5,6349.5,6111.0,6213.0,1748718020
1531526400,6212.5,6320.0,6181.5,6245.5,1316087961
1531612800,6245.5,6392.0,6231.0,6347.5,1280134854
1531699200,6348.0,6738.0,6338.0,6719.5,2842435897
1531785600,6719.5,7470.0,6659.5,7318.5,3972064578
1531872000,7318.0,7600.0,7230.0,7384.0,4809391983
1531958400,7384.0,7584.0,7284.0,7466.5,3193443761
1532044800,7466.5,7715.0,7270.5,7333.0,3954264135
1532131200,7333.0,7450.0,7209.5,7401.0,2033365634
1532217600,7401.5,7590.0,7321.0,7391.5,2872736407
1532304000,7391.5,7799.0,7376.0,7720.0,4283253835
1532390400,7719.5,8478.0,7694.5,8391.0,7345963020
1532476800,8391.0,8487.0,8056.0,8177.0,5727707936
1532563200,8177.5,8319.5,7850.0,7922.0,4658281793
1532649600,7921.5,8280.0,7791.0,8190.0,4642125336
1532736000,8190.0,8249.5,8075.0,8229.5,2299239403
1532822400,8230.0,8302.5,8122.0,8219.0,2653020609
1532908800,8218.5,8281.5,7842.0,8174.5,4920842289
1532995200,8174.5,8174.5,7625.0,7727.0,5637408665
1533081600,7727.0,7757.5,7430.0,7604.5,4346649486
1533168000,7604.5,7717.5,7455.5,7539.5,3117279198
1533254400,7539.5,7540.0,7292.5,7411.0,4014905956
1533340800,7411.0,7487.0,6881.0,7005.5,3399073707
1533427200,7005.5,7094.0,6870.5,7019.5,2815723136
1533513600,7019.5,7180.0,6835.0,6931.5,3461203241
1533600000,6932.0,7144.0,6646.0,6711.5,4382680588
1533686400,6712.0,6712.0,6100.0,6274.0,5414147480
1533772800,6273.5,6640.0,6182.0,6536.0,3799550832
1533859200,6536.0,6578.5,5971.0,6138.0,4348148420
1533945600,6138.0,6503.0,5970.0,6241.0,2966818499
1534032000,6241.0,6499.0,6166.0,6308.5,2548116248
1534118400,6308.5,6550.0,6134.0,6245.5,2937803660
1534204800,6245.5,6250.0,5860.0,6193.5,4317934869
1534291200,6193.0,6641.0,6182.0,6266.5,5243050458
1534377600,6266.5,6483.0,6206.0,6305.5,3656660922
1534464000,6305.5,6589.0,6285.0,6578.5,3453905827
1534550400,6579.0,6617.0,6280.0,6394.0,2386893670
1534636800,6394.0,6562.0,6305.5,6487.0,2213889880
1534723200,6487.5,6523.0,6210.0,6253.5,2841807665
1534809600,6253.0,6503.0,6231.5,6467.0,2865451116
1534896000,6467.5,7148.0,6232.0,6352.0,3962787385
1534982400,6352.0,6578.0,6339.0,6521.0,2215004119
1535068800,6521.5,6736.0,6435.0,6685.5,2465006723
1535155200,6685.5,6797.5,6665.5,6727.5,2090948064
1535241600,6727.5,6779.5,6570.5,6701.5,2387404036
1535328000,6701.5,6973.0,6645.5,6906.0,2359894195
1535414400,6906.5,7133.0,6862.0,7076.5,3219568975
1535500800,7077.0,7120.0,6870.0,7032.5,2712031064
1535587200,7033.0,7055.5,6782.5,6977.0,3590855610
1535673600,6977.0,7087.0,6880.0,7017.0,2861800484
1535760000,7017.0,7298.0,7016.0,7196.5,2415973010
1535846400,7196.5,7350.0,7138.0,7295.0,3289703296
1535932800,7295.5,7349.5,7180.0,7259.5,2520619428
1536019200,7260.0,7440.0,7235.5,7355.0,2558834455
1536105600,7355.0,7387.0,6633.5,6689.0,4456674351
1536192000,6688.5,6709.0,6181.0,6487.0,4347040162
1536278400,6487.0,6523.0,6323.5,6398.0,2722342658
1536364800,6398.0,6468.0,6100.0,6180.5,2074053825
1536451200,6180.5,6483.5,6140.0,6240.0,1775945839
1536537600,6240.0,6385.0,6223.0,6300.0,1894747150
1536624000,6300.0,6434.5,6140.0,6278.5,2139027351
1536710400,6278.5,6345.5,6181.0,6322.0,1888093251
1536796800,6321.5,6530.0,6321.5,6487.5,2506455522
1536883200,6487.5,6585.0,6350.0,6478.0,2343072984
1536969600,6477.5,6568.0,6463.5,6515.5,1172566909
1537056000,6516.0,6516.5,6330.5,6493.0,1210379984
1537142400,6493.0,6528.5,6201.0,6247.0,2487666350
1537228800,6247.0,6380.5,6226.5,6328.5,1702571061
1537315200,6328.5,6580.0,6066.0,6384.5,2640835927
1537401600,6384.5,6520.0,6336.5,6482.0,1541207181
1537488000,6482.0,6778.0,6481.5,6746.5,2456024944
1537574400,6746.5,6830.0,6626.0,6709.0,1559884301
1537660800,6709.0,6779.0,6653.0,6703.0,984986477
1537747200,6703.5,6720.0,6555.0,6578.5,1593243095
1537833600,6578.5,6578.5,6311.5,6429.0,2603321497
1537920000,6429.0,6540.0,6377.0,6452.5,1754225914
1538006400,6452.0,6759.0,6435.0,6685.5,1832579179
1538092800,6686.0,6789.0,6521.0,6620.0,2802260142
1538179200,6620.0,6620.5,6438.0,6581.5,1636834544
1538265600,6582.0,6642.5,6515.0,6598.5,1161575868
1538352000,6598.5,6636.0,6466.0,6571.0,1568283127
1538438400,6571.0,6590.0,6444.5,6502.5,1332169225
1538524800,6503.0,6509.5,6394.0,6465.0,1479220168
1538611200,6464.5,6620.0,6459.0,6553.0,1600488997
1538697600,6553.0,6658.5,6522.0,6582.0,1118636138
1538784000,6582.0,6592.5,6531.5,6552.0,565096593
1538870400,6552.0,6599.0,6488.0,6571.0,660599418
1538956800,6571.0,6669.0,6550.5,6607.5,1221267217
1539043200,6607.5,6614.5,6563.0,6591.0,757659439
1539129600,6591.5,6591.5,6452.0,6530.0,1431100838
1539216000,6530.0,6530.5,6005.0,6154.5,3254719662
1539302400,6154.5,6233.5,6100.0,6182.5,1127145063
1539388800,6182.5,6212.5,6166.0,6193.5,565325381
1539475200,6193.5,6300.0,6142.0,6181.5,1003003304
1539561600,6181.5,6818.0,6147.0,6436.5,3806601929
1539648000,6436.5,6497.5,6383.0,6456.0,1347009134
1539734400,6456.0,6458.0,6409.0,6438.5,710806750
1539820800,6438.5,6488.0,6350.0,6394.5,1113239910
1539907200,6394.5,6405.0,6366.0,6384.0,620702624
1539993600,6384.0,6425.0,6367.0,6407.5,468415148
1540080000,6407.5,6465.0,6405.5,6413.0,604132304
1540166400,6413.0,6426.0,6369.0,6412.5,687195742
1540252800,6412.5,6415.5,6360.0,6395.0,651666576
1540339200,6395.0,6490.0,6394.5,6412.5,835143060
1540425600,6412.5,6419.0,6368.0,6393.5,755906646
1540512000,6393.5,6468.0,6386.5,6406.5,772434266
1540598400,6406.5,6419.0,6395.5,6407.0,320255569
1540684800,6407.0,6449.0,6382.5,6408.0,382180051
1540771200,6408.0,6415.5,6209.0,6266.5,1481205621
1540857600,6266.5,6294.0,6255.0,6272.0,621188379
1540944000,6272.0,6345.0,6210.0,6307.0,1032163266
1541030400,6307.0,6370.0,6302.0,6337.0,527425197
1541116800,6337.0,6387.0,6328.0,6346.0,779196753
1541203200,6346.0,6348.5,6316.5,6332.5,418518243
1541289600,6332.5,6471.0,6322.5,6427.5,1079190784
1541376000,6427.5,6445.5,6380.0,6404.0,679723244
1541462400,6404.0,6460.0,6387.0,6450.5,1009656825
1541548800,6450.5,6568.0,6434.5,6510.5,1198629453
1541635200,6510.5,6524.0,6372.5,6414.0,1340194068
1541721600,6414.0,6420.5,6310.0,6338.5,1235498615
1541808000,6338.5,6379.0,6334.5,6353.5,463914785
1541894400,6353.5,6380.0,6260.0,6361.0,769461393
1541980800,6361.0,6406.0,6305.5,6337.5,976201532
1542067200,6337.5,6338.0,6235.0,6249.0,1362043634
1542153600,6249.0,6296.0,5231.0,5586.0,5158711464
1542240000,5586.0,5639.5,5181.0,5581.0,3648891744
1542326400,5581.0,5619.0,5406.0,5511.0,1716410979
1542412800,5511.0,5557.0,5450.5,5501.5,853866647
1542499200,5501.5,5690.0,5501.5,5556.0,935681775
1542585600,5556.0,5557.0,4665.0,4743.0,5229314374
1542672000,4743.0,4897.0,4010.0,4348.5,6489034529
1542758400,4348.5,4654.0,4229.0,4537.0,3425478343
1542844800,4537.0,4598.0,4235.5,4266.5,1920981490
1542931200,4266.5,4382.0,4068.0,4283.0,2601742964
1543017600,4283.0,4378.0,3627.0,3768.5,2443797208
1543104000,3768.5,4120.0,3430.0,3931.0,3930242107
1543190400,3930.5,4080.0,3492.0,3724.5,3723047628
1543276800,3724.5,3837.0,3563.5,3769.0,2529096711
1543363200,3769.0,4357.0,3768.5,4219.0,3146992331
1543449600,4219.0,4423.0,4085.0,4242.0,2591670250
1543536000,4242.0,4299.0,3860.0,3972.0,2564046695
1543622400,3972.0,4266.0,3903.5,4136.5,1639853528
1543708800,4136.5,4270.0,4025.0,4096.5,1787639300
1543795200,4096.5,4118.5,3729.5,3829.5,1946011903
1543881600,3829.5,4042.0,3730.0,3902.0,1935256715
1543968000,3902.0,3917.0,3655.0,3695.5,1775227694
1544054400,3695.5,3843.0,3400.0,3430.5,2751513062
1544140800,3430.5,3542.0,3200.0,3369.0,2739977020
1544227200,3369.0,3500.0,3246.0,3397.0,1640589645
1544313600,3397.0,3630.0,3370.5,3526.5,1455317186
1544400000,3526.5,3596.0,3350.0,3406.0,1599778363
1544486400,3406.0,3422.0,3281.5,3344.0,1214558918
1544572800,3344.0,3493.5,3321.5,3431.5,1210727367
1544659200,3431.5,3439.0,3217.5,3257.5,1423389176
1544745600,3257.5,3300.0,3134.5,3193.0,1536048112
1544832000,3193.0,3226.0,3121.0,3183.0,1008741861
1544918400,3183.0,3260.0,3177.0,3189.5,1025712865
1545004800,3189.5,3590.0,3178.0,3495.5,2155912590
1545091200,3495.5,3690.0,3435.0,3665.0,2155720357
1545177600,3665.0,3916.5,3641.0,3680.0,3567541648
1545264000,3680.0,4174.0,3654.5,4069.0,3971091014
1545350400,4069.0,4168.0,3770.0,3841.0,3035228328
1545436800,3841.0,4007.0,3783.5,3981.0,1678998336
1545523200,3981.0,4055.0,3903.0,3944.0,1492831124
1545609600,3944.0,4241.0,3943.5,4033.5,2193171042
1545696000,4033.5,4043.0,3670.5,3777.0,1989526579
1545782400,3777.0,3868.0,3683.0,3806.5,1419094481
1545868800,3806.5,3842.0,3565.0,3588.0,1384335245
1545955200,3588.0,3960.0,3568.0,3889.5,1541559522
1546041600,3889.5,3944.0,3650.0,3712.0,1266402791
1546128000,3712.0,3898.5,3671.0,3830.5,1225406120
1546214400,3830.5,3839.5,3615.0,3693.0,976474215
1546300800,3693.0,3870.0,3630.5,3824.0,902868031
1546387200,3824.0,3918.0,3762.0,3888.0,1074586398
1546473600,3888.0,3891.0,3748.0,3784.0,879949926
1546560000,3784.0,3850.0,3721.5,3817.0,907202489
1546646400,3817.0,3879.0,3767.0,3794.5,742213108
1546732800,3794.5,4082.0,3750.0,4039.0,1072060730
1546819200,4039.0,4074.0,3970.0,4005.0,950205723
1546905600,4005.0,4130.0,3937.0,3995.5,1297065278
1546992000,3995.5,4045.0,3959.5,4001.0,900218792
1547078400,4001.0,4036.0,3512.0,3622.0,1646517543
1547164800,3622.0,3698.0,3561.5,3631.5,1007616032
1547251200,3631.5,3652.0,3550.0,3613.0,544686079
1547337600,3613.0,3638.0,3479.0,3514.0,796857734
1547424000,3513.0,3718.0,3506.5,3663.0,935398024
1547510400,3663.0,3684.0,3535.0,3574.5,821909126
1547596800,3574.5,3664.0,3568.0,3607.5,860212469
1547683200,3607.5,3660.0,3540.0,3637.0,943447538
1547769600,3637.0,3639.5,3571.5,3606.0,656356820
1547856000,3606.0,3784.5,3605.0,3681.5,745424691
1547942400,3681.5,3700.0,3450.0,3535.0,1016518033
1548028800,3535.0,3575.0,3474.5,3529.5,763124348
1548115200,3529.5,3608.5,3405.0,3578.0,1148128715
1548201600,3578.0,3617.5,3522.0,3551.0,904145389
1548288000,3551.0,3590.0,3526.5,3568.0,720030811
1548374400,3568.0,3577.0,3501.0,3560.5,770190679
1548460800,3560.5,3672.5,3530.0,3554.5,824768395
1548547200,3554.5,3558.5,3462.5,3527.5,791531675
1548633600,3527.5,3530.0,3370.0,3428.0,1600983915
1548720000,3428.0,3435.5,3343.0,3391.0,995168687
1548806400,3391.0,3460.0,3372.5,3434.0,930964392
1548892800,3434.0,3473.0,3392.5,3413.5,743024351
1548979200,3413.5,3460.0,3374.5,3435.5,879858333
1549065600,3435.5,3484.5,3414.0,3464.0,728919651
1549152000,3464.0,3470.5,3382.5,3414.0,763280076
1549238400,3414.0,3435.0,3394.0,3406.5,554983495
1549324800,3406.5,3430.0,3396.0,3428.5,435570729
1549411200,3428.5,3446.0,3330.0,3365.5,929931861
1549497600,3365.5,3378.5,3350.5,3357.0,333273271
1549584000,3357.0,3728.0,3341.0,3626.0,1755543056
1549670400,3626.0,3642.5,3595.0,3626.0,664676512
1549756800,3626.0,3660.0,3575.0,3648.0,732311688
1549843200,3648.0,3652.5,3575.5,3591.0,744728832
1549929600,3591.0,3618.0,3550.0,3587.5,870327032
1550016000,3587.5,3632.0,3562.5,3577.0,649214457
1550102400,3577.0,3590.0,3533.0,3560.0,591406671
1550188800,3560.0,3615.0,3536.5,3565.0,728403854
1550275200,3565.0,3609.5,3564.0,3579.5,626723434
1550361600,3579.5,3680.0,3553.0,3623.5,1019196751
1550448000,3623.5,3919.0,3615.0,3867.5,2873101714
1550534400,3867.5,3972.0,3838.0,3888.0,2057996533
1550620800,3888.0,3958.0,3868.5,3938.5,1248217490
1550707200,3938.5,3995.0,3863.0,3897.5,1211825694
1550793600,3897.5,3957.0,3886.5,3938.5,1028224433
1550880000,3938.5,4157.5,3906.5,4111.5,1754842139
1550966400,4111.5,4190.0,3702.0,3733.5,2458966881
1551052800,3733.5,3854.5,3730.0,3818.0,1152171329
1551139200,3818.0,3826.0,3750.0,3797.0,868952398
1551225600,3797.0,3821.5,3640.0,3798.0,1160849783
1551312000,3798.0,3895.0,3741.0,3788.0,1171406068
1551398400,3788.0,3839.0,3784.5,3802.0,565492632
1551484800,3802.0,3819.0,3754.0,3808.0,540450028
1551571200,3808.0,3816.5,3757.0,3785.5,504059676
1551657600,3785.5,3804.5,3669.0,3698.5,1237930792
1551744000,3698.5,3880.0,3691.0,3846.5,1424807550
1551830400,3846.5,3901.0,3810.5,3849.0,856845523
1551916800,3849.0,3889.0,3828.0,3854.0,1037015394
1552003200,3854.0,3913.5,3742.5,3840.0,1197247739
1552089600,3840.0,3943.0,3831.5,3916.0,1263671482
1552176000,3916.0,3916.0,3860.0,3897.5,583852214
1552262400,3897.5,3912.5,3806.0,3845.0,943232476
1552348800,3845.0,3874.0,3793.5,3857.5,975781570
1552435200,3857.5,3872.5,3825.0,3849.5,651939565
1552521600,3849.5,3906.0,3750.0,3855.0,835215034
1552608000,3855.0,3903.5,3840.5,3897.0,754035503
1552694400,3897.0,4038.0,3896.0,3986.0,1344503429
1552780800,3986.0,3987.5,3926.0,3962.0,680719566
1552867200,3962.0,4014.5,3928.0,3969.0,976889005
1552953600,3969.0,4012.0,3945.0,3997.0,869685179
1553040000,3997.0,4048.5,3952.5,4029.5,1114612306
1553126400,4029.5,4067.5,3914.5,3969.0,1446482112
1553212800,3969.0,3999.0,3958.0,3981.0,596252650
1553299200,3981.0,3999.0,3952.0,3979.5,575838849
1553385600,3979.5,3979.5,3937.0,3966.5,460394105
1553472000,3966.5,3972.5,3859.5,3903.5,1049445895
1553558400,3903.5,3920.0,3881.5,3915.5,628735149
1553644800,3915.5,4041.0,3910.0,4025.5,1339386470
1553731200,4025.5,4026.0,3991.0,4009.0,563612950
1553817600,4009.0,4097.5,4002.0,4086.0,1564265726
1553904000,4086.0,4129.0,4021.0,4088.0,1050240961
1553990400,4088.0,4098.0,4074.0,4091.0,404465604
1554076800,4091.0,4144.5,4036.5,4132.5,1194734770
1554163200,4132.5,5144.5,4128.5,4897.5,4877433560
1554249600,4897.5,5348.5,4783.0,4979.0,5191879310
1554336000,4979.0,5085.5,4780.0,4910.0,3228374415
1554422400,4910.0,5073.5,4885.0,5040.0,1992032192
1554508800,5040.0,5245.0,4890.5,5043.0,2185695456
1554595200,5043.0,5280.0,5028.0,5192.0,2199032130
1554681600,5192.0,5341.0,5133.0,5285.5,2648582157
1554768000,5285.5,5285.5,5140.5,5184.0,2031763154
1554854400,5184.0,5474.0,5109.0,5321.5,2276551766
1554940800,5321.5,5342.5,4959.0,5038.5,2473244609
1555027200,5038.5,5132.0,4923.0,5075.5,1563910560
1555113600,5075.5,5117.0,5027.5,5066.0,925759271
1555200000,5066.0,5183.5,5008.0,5160.0,985278444
1555286400,5160.0,5191.5,4942.0,5024.0,1538220012
1555372800,5024.0,5329.5,5013.0,5202.5,1450183323
1555459200,5202.5,5291.0,5150.5,5227.0,1298984546
1555545600,5227.0,5318.0,5222.0,5278.5,1343604396
1555632000,5278.5,5390.0,5155.0,5287.5,1330864714
1555718400,5287.5,5358.5,5250.5,5320.0,1101158871
1555804800,5320.0,5348.0,5205.0,5295.5,1261258028
1555891200,5295.5,5444.0,5256.0,5383.0,1753224027
1555977600,5383.0,5650.0,5365.0,5529.5,2490883494
1556064000,5529.5,5622.5,5360.0,5440.0,2552274532
1556150400,5440.0,5503.5,4960.0,5119.5,2487873376
1556236800,5119.5,5274.5,5042.0,5149.5,2782394111
1556323200,5149.5,5221.0,5103.0,5161.5,906388719
1556409600,5161.5,5212.5,5090.0,5153.5,1090151542
1556496000,5153.5,5190.0,5060.5,5141.0,1259511670
1556582400,5141.0,5294.0,5124.5,5264.0,1401021208
1556668800,5264.0,5350.0,5255.0,5317.0,1226168918
1556755200,5317.0,5418.5,5305.5,5385.0,1547303655
1556841600,5385.0,5800.0,5355.0,5657.5,4257938033
1556928000,5657.5,5850.0,5502.0,5769.0,3376678956
1557014400,5769.0,5783.0,5607.5,5715.5,2130999207
1557100800,5715.5,5755.0,5555.5,5684.5,2434873172
1557187200,5684.5,5975.0,5684.5,5738.0,3524010933
1557273600,5738.0,6000.0,5642.0,5939.0,2348502656
1557360000,5939.0,6163.5,5928.5,6140.0,2740351645
1557446400,6140.0,6424.0,6103.5,6341.5,4080394057
1557532800,6341.5,7471.5,6341.5,7218.0,7857790177
1557619200,7218.0,7585.0,6771.0,6975.5,8298233952
1557705600,6975.5,8190.0,6863.5,7827.0,7322163617
1557792000,7827.0,8339.0,7627.0,7997.5,6768836755
1557878400,7997.5,8325.0,7855.5,8203.5,4860301877
1557964800,8203.5,8400.0,7650.0,7884.5,4690708835
1558051200,7884.5,7940.0,6380.0,7352.0,5797282171
1558137600,7352.0,7490.0,7202.0,7258.5,2603107435
1558224000,7258.5,8340.0,7245.5,8206.5,5010585251
1558310400,8206.5,8206.5,7578.5,8009.5,5221582421
1558396800,8009.5,8126.5,7800.0,7959.0,3285592576
1558483200,7959.0,8057.0,7497.5,7624.0,3386129163
1558569600,7624.0,7984.5,7460.0,7875.5,3402334516
1558656000,7875.5,8194.0,7801.5,7997.5,2932142554
1558742400,7997.5,8173.0,7938.5,8067.0,1826767751
1558828800,8067.0,8889.0,7883.0,8750.0,3550946328
1558915200,8750.0,8964.0,8659.0,8779.5,3896581382
1559001600,8779.5,8823.5,8561.0,8721.0,2621698602
1559088000,8721.0,8777.0,8442.0,8665.5,2868619212
1559174400,8665.5,9111.0,7944.0,8274.5,4862775976
1559260800,8274.5,8579.0,8115.0,8546.0,3025912090
1559347200,8546.0,8637.0,8456.0,8555.5,1642093097
1559433600,8555.5,8860.5,8549.0,8738.0,2134326062
1559520000,8738.0,8744.5,8025.5,8100.5,3905139797
1559606400,8100.5,8100.5,7435.0,7663.0,5013529082
1559692800,7663.0,7931.0,7583.5,7783.0,3279925703
1559779200,7783.0,7880.0,7448.0,7805.0,2969028952
1559865600,7805.0,8130.0,7764.5,7996.5,2725467874
1559952000,7996.5,8055.5,7786.0,7926.0,1855869071
1560038400,7926.0,7958.0,7500.0,7629.0,2490212260
1560124800,7629.0,8108.0,7515.0,8016.0,2840864492
1560211200,8016.0,8059.0,7704.5,7917.5,2259291147
1560297600,7917.5,8273.0,7816.0,8176.5,2810073967
1560384000,8176.5,8336.5,8047.5,8234.0,2218764077
1560470400,8234.0,8743.0,8178.5,8695.0,3216324015
1560556800,8695.0,8929.0,8633.5,8859.5,2663636197
1560643200,8859.5,9442.0,8794.0,8974.5,5909192014
1560729600,8974.5,9496.0,8974.5,9347.5,4612766979
1560816000,9347.5,9364.5,8931.0,9085.5,3970490506
1560902400,9085.5,9329.5,9045.0,9287.5,2369675840
1560988800,9287.5,9617.5,9220.5,9532.0,3404805996
1561075200,9532.0,10287.5,9532.0,10279.5,4982086264
1561161600,10279.5,11231.5,10111.5,10692.0,8690081969
1561248000,10692.0,11286.5,10481.0,10841.5,4821767323
1561334400,10841.5,11110.0,10540.0,11045.0,4046754884
1561420800,11045.0,11797.5,10996.0,11760.5,6030877932
1561507200,11760.5,13920.0,11633.0,12930.0,13622106362
1561593600,12930.0,13333.0,10300.0,11156.5,11880213811
1561680000,11156.5,12465.0,10741.0,12374.5,7632010874
1561766400,12374.5,12393.5,11350.0,11870.0,6183781738
1561852800,11870.0,12227.5,10659.0,10761.0,5853037670
1561939200,10761.0,11220.0,9950.0,10570.5,6402816721
1562025600,10570.5,10924.0,9650.0,10840.0,6728492232
1562112000,10840.0,12028.5,10840.0,11983.5,7359228593
1562198400,11983.5,12070.0,11042.5,11143.0,5113462968
1562284800,11143.0,11439.0,10755.0,10991.0,4884327016
1562371200,10991.0,11747.0,10952.0,11234.0,4233836613
1562457600,11234.0,11650.0,11070.0,11475.5,3337511399
1562544000,11475.5,12387.0,11321.5,12290.0,4103506231
1562630400,12290.0,12840.0,12105.0,12563.5,5990811853
1562716800,12563.5,13272.0,11530.0,12090.0,8520368140
1562803200,12090.0,12094.5,10927.5,11336.5,7239763340
1562889600,11336.5,11943.5,11085.0,11804.0,4443917659
1562976000,11804.0,11842.5,10800.0,11370.5,4678483104
1563062400,11370.5,11468.5,10071.0,10185.5,5522316256
1563148800,10185.5,11069.0,9850.0,10857.0,5652905693
1563235200,10857.0,11036.0,9351.5,9417.0,6461953944
1563321600,9417.0,9980.0,9080.0,9695.5,5431626185
1563408000,9695.5,10802.5,9268.0,10646.5,5561915298
1563494400,10646.5,10776.0,10101.0,10523.0,4171814081
1563580800,10523.0,11132.0,10352.5,10760.0,3317358948
1563667200,10760.0,10827.5,10324.5,10591.5,2703833896
1563753600,10591.5,10685.0,10057.0,10320.5,3129671215
1563840000,10320.5,10320.5,9803.0,9844.0,3483479222
1563926400,9844.0,9920.0,9489.5,9773.0,3473045950
1564012800,9773.0,10185.0,9740.0,9871.5,2410973560
1564099200,9871.5,9900.0,9606.5,9845.5,2018508690
1564185600,9845.5,10300.0,9258.0,9463.5,2938517010
1564272000,9463.5,9748.0,9100.0,9530.5,2109224537
1564358400,9530.5,9734.0,9339.5,9502.5,2207241220
1564444800,9502.5,9885.0,9375.5,9592.5,2294653128
1564531200,9592.5,10146.0,9575.0,10088.5,2646525279
1564617600,10088.5,10499.0,9885.0,10415.5,2728317073
1564704000,10415.5,10664.0,10325.0,10528.0,2769210533
1564790400,10528.0,10926.0,10514.0,10819.5,2571478309
1564876800,10819.5,11095.0,10570.0,10982.0,3154544816
1564963200,10982.0,11971.0,10982.0,11814.5,5082486227
1565049600,11814.5,12340.0,11220.5,11467.0,5716377385
1565136000,11467.0,12170.0,11386.0,11987.5,5276244947
1565222400,11987.5,12147.0,11438.5,12020.0,4296333405
1565308800,12020.0,12080.5,11651.0,11874.0,3230126803
1565395200,11874.0,12000.0,11122.0,11280.0,3027196264
1565481600,11280.0,11596.5,11072.5,11531.5,2097017864
1565568000,11531.5,11555.0,11222.5,11395.5,1710409465
1565654400,11395.5,11458.0,10758.5,10858.5,3094724371
1565740800,10858.5,10862.0,9913.0,10025.0,4998265897
1565827200,10025.0,10438.0,9475.5,10290.5,6162430723
1565913600,10290.5,10530.0,9725.0,10350.5,5322247302
1566000000,10350.5,10475.5,9964.5,10204.0,2469271372
1566086400,10204.0,10520.0,10061.0,10318.0,2132196783
1566172800,10318.0,10942.0,10268.0,10925.0,2816151521
1566259200,10925.0,10959.5,10554.5,10773.5,2741966202
1566345600,10773.5,10807.0,9855.0,10129.0,4151993497
1566432000,10129.0,10230.0,9744.0,10104.5,3203858195
1566518400,10104.5,10463.0,10042.0,10401.5,2333731786
1566604800,10401.5,10423.5,9850.0,10136.0,2605988158
1566691200,10136.0,10369.0,9875.0,10135.5,2557057170
1566777600,10135.5,10805.0,10137.0,10369.0,3095112179
1566864000,10369.0,10384.0,10025.0,10176.0,2440006950
1566950400,10176.0,10315.0,9497.5,9701.5,3514832496
1567036800,9701.5,9702.0,9321.0,9491.5,2455401317
1567123200,9491.5,9690.0,9341.5,9574.0,1921000276
1567209600,9574.0,9703.5,9434.5,9602.5,1385068208
1567296000,9602.5,9844.0,9531.0,9771.5,1378560767
1567382400,9771.5,10500.0,9745.5,10391.0,3287239990
1567468800,10391.0,10783.0,10300.0,10630.0,3730362374
1567555200,10630.0,10879.0,10380.5,10580.5,3667564531
1567641600,10580.5,10683.0,10454.0,10586.0,2406367926
1567728000,10586.0,10968.0,10205.0,10310.5,4202998455
1567814400,10310.5,10576.0,10308.0,10492.5,1719270081
1567900800,10492.5,10599.0,10252.5,10402.0,1834957860
1567987200,10402.0,10571.0,10090.0,10318.0,3563034952
1568073600,10318.0,10394.0,9892.0,10102.5,2461539814
1568160000,10102.5,10280.0,9850.0,10166.0,2768292719
1568246400,10166.0,10469.5,10032.0,10433.5,2461241420
1568332800,10433.5,10458.5,10161.5,10370.0,1974996040
1568419200,10370.0,10447.5,10221.0,10364.0,1692697317
1568505600,10364.0,10387.0,10260.0,10314.0,1114698246
1568592000,10314.0,10391.5,10066.0,10268.0,2217227507
1568678400,10268.0,10284.0,10137.5,10184.5,1862503320
1568764800,10184.5,10262.5,10075.0,10163.0,1517895773
1568851200,10163.0,10442.0,9567.0,10282.5,3368765552
1568937600,10282.5,10319.5,10061.0,10175.5,1608962567
1569024000,10175.5,10176.0,9902.5,9975.5,1585453842
1569110400,9975.5,10100.0,9840.5,10026.0,1698994877
1569196800,10026.0,10049.5,9603.5,9686.0,2783512865
1569283200,9686.0,9779.5,8012.0,8533.5,6725380596
1569369600,8533.5,8748.0,8215.0,8430.0,4045724084
1569456000,8430.0,8466.0,7736.0,8054.0,4010130760
1569542400,8054.0,8265.0,7860.0,8189.0,2456542220
1569628800,8189.0,8400.0,8015.0,8207.0,1727544035
1569715200,8207.0,8238.5,7900.0,8054.0,1822807833
1569801600,8054.0,8344.5,7688.0,8299.5,3373793628
1569888000,8299.5,8532.0,8200.0,8314.0,2754664272
1569974400,8314.0,8386.0,8173.0,8377.5,1537659900
1570060800,8377.5,8420.5,8070.0,8240.5,1946444699
1570147200,8240.5,8243.0,8020.0,8154.5,1680861122
1570233600,8154.5,8200.0,8022.0,8146.5,1247070981
1570320000,8146.5,8172.0,7770.0,7861.0,2177529708
1570406400,7861.0,8307.5,7765.0,8208.0,2790485285
1570492800,8208.0,8332.5,8095.5,8180.0,1775864658
1570579200,8180.0,8692.0,8111.5,8587.5,2918198967
1570665600,8587.5,8662.5,8466.0,8586.5,1820350604
1570752000,8586.5,8821.5,8222.0,8266.0,2840802059
1570838400,8266.0,8399.5,8252.0,8305.0,914764702
1570924800,8305.0,8466.0,8150.0,8278.0,1600848345
1571011200,8278.0,8406.0,8221.0,8358.0,1383917320
1571097600,8358.0,8420.0,8076.0,8156.0,1833941267
1571184000,8156.0,8175.0,7912.5,7995.5,1714484458
1571270400,7995.5,8123.0,7937.5,8070.5,1379848088
1571356800,8070.5,8112.0,7799.5,7951.0,2025413894
1571443200,7951.0,8110.0,7868.0,7960.0,1515391394
1571529600,7960.0,8318.0,7866.0,8233.0,2151767217
1571616000,8233.0,8357.0,8155.5,8204.5,1615409161
1571702400,8204.5,8313.0,7981.5,8019.0,1943310865
1571788800,8019.0,8044.5,7298.0,7468.0,3184348868
1571875200,7468.0,7504.5,7355.0,7424.0,1438106601
1571961600,7424.0,8790.0,7380.5,8668.0,5046279493
1572048000,8668.0,10584.5,8645.0,9264.5,8255466579
1572134400,9264.5,9832.5,9105.0,9556.0,4626756280
1572220800,9556.0,9944.0,9167.0,9226.0,3712381533
1572307200,9226.0,9565.5,9058.0,9438.0,3366567658
1572393600,9438.0,9438.5,8990.0,9165.0,2909978028
1572480000,9165.0,9440.0,8947.0,9153.5,3047547927
1572566400,9153.5,9316.0,9055.0,9255.5,2196031702
1572652800,9255.5,9412.0,9212.5,9313.5,1233087720
1572739200,9313.5,9389.5,9065.0,9205.5,1507073624
1572825600,9205.5,9617.0,9135.0,9426.5,2071601009
1572912000,9426.5,9485.0,9180.0,9317.0,2138589698
1572998400,9317.0,9462.0,9250.0,9347.0,1578464842
1573084800,9347.0,9377.5,9073.5,9213.0,1704656593
1573171200,9213.0,9254.0,8670.0,8765.0,3279777209
1573257600,8765.0,8880.0,8726.0,8806.0,1143494672
1573344000,8806.0,9200.0,8757.0,9038.5,1750868912
1573430400,9038.5,9075.0,8571.5,8717.5,2222292847
1573516800,8717.5,8872.5,8550.0,8818.0,2167911140
1573603200,8818.0,8847.5,8709.5,8764.0,1080815478
1573689600,8764.0,8794.0,8550.5,8630.5,1697709913
1573776000,8630.5,8795.0,8350.0,8456.0,2682084979
1573862400,8456.0,8532.5,8420.0,8484.5,786045873
1573948800,8484.5,8640.0,8380.0,8506.0,1303273609
1574035200,8506.0,8506.5,8006.0,8173.5,2474151019
1574121600,8173.5,8198.5,7983.5,8123.0,2020621821
1574208000,8123.0,8239.0,8026.0,8080.0,1520604781
1574294400,8080.0,8117.5,7350.0,7614.0,3216585080
1574380800,7614.0,7721.0,6736.0,7275.5,5640533528
1574467200,7275.5,7350.0,7101.0,7322.5,1904791671
1574553600,7322.5,7346.0,6858.0,6902.5,2723772449
1574640000,6902.5,7389.0,6516.0,7124.0,4690779276
1574726400,7124.0,7357.0,7012.5,7160.5,2548690727
1574812800,7160.5,7667.0,6831.0,7525.0,3562514343
1574899200,7525.0,7662.5,7365.0,7424.5,2007567886
1574985600,7424.5,7870.0,7412.0,7749.0,2298676734
1575072000,7749.0,7821.0,7450.0,7549.5,1580574227
1575158400,7549.5,7550.0,7225.0,7399.0,2330800876
1575244800,7399.0,7421.0,7160.0,7300.5,1849164060
1575331200,7300.5,7422.0,7237.5,7294.5,1231391989
1575417600,7294.5,7800.0,7080.5,7192.5,3113468342
1575504000,7192.5,7480.0,7140.0,7391.5,2243820337
1575590400,7391.5,7645.0,7289.5,7538.5,1979172181
1575676800,7538.5,7640.0,7479.0,7501.5,1010214682
1575763200,7501.5,7548.0,7387.5,7528.0,671930060
